002_place,003_event,004_active,005_open_now,006_open_time,007_close_time,008_maximum_visit_duration,009_minimum_visit_duration,010_travel_time,011_travel_distance,012_travel_mode,013_rainfall,014_sunset,015_weather_score,016_weather_dependent,017_suitable_for_weather_score,018_average_social_rating,019_number_reviews,020_suitable_for_children,021_suitable_for_groups,022_suitable_for_vision_impaired,023_suitable_for_bicycles,024_suitable_for_wheelchair,025_eat,026_see,027_do,028_popularity_now,029_popularity_avg_current_day,030_popularity_avg_current_hour,031_better_when,032_elevation,033_bicycle_duration,034_bicycle_distance,035_operated_by
1,0,1,1.0,1502143200.0,1502186400.0,7.71,2.0,3617.0,4039.0,0.0,0,1502178740,1,0.66,0.78,4.6,15,1,1,1,1,1,0.333333333333,0.333333333333,0.333333333333,,,,2.0,134.397003174,1524.0,4032.0,2.0
1,0,1,1.0,1502146800.0,1502175600.0,4.71,1.0,187.0,229.0,0.0,0,1502178740,1,0.01,0.49,5.0,2,1,0,1,0,1,0.0,0.0,1.0,,,,2.0,16.691160202,96.0,229.0,0.0
1,0,1,1.0,1502146800.0,1502172000.0,3.71,2.0,857.0,1149.0,0.0,0,1502178740,1,0.03,0.5,4.5,4,0,1,1,0,1,1.0,0.0,0.0,,,,0.0,7.7212023735,295.0,1142.0,0.0
1,0,1,1.0,1502146800.0,1502175600.0,4.71,1.0,831.0,1084.0,0.0,0,1502178740,1,0.03,0.65,4.0,14,0,1,1,0,1,0.333333333333,0.666666666667,0.0,,,,0.0,40.6452674866,270.0,1077.0,0.0
1,0,1,1.0,1502150400.0,1502179200.0,5.71,1.0,619.0,835.0,0.0,0,1502178740,1,0.02,0.0,5.0,14,0,1,0,0,0,0.0,0.0,1.0,,,,2.0,10.1784687042,206.0,874.0,0.0
1,0,1,1.0,1502146800.0,1502168400.0,2.71,1.0,1157.0,1302.0,0.0,0,1502178740,1,0.02,0.0,4.2,15,1,1,1,0,1,1.0,0.0,0.0,0.83,30.2222222222,70.5714285714,2.0,75.1377944946,637.0,1601.0,0.0
1,0,1,1.0,1502155800.0,1502166600.0,2.21,8.0,469.0,607.0,0.0,0,1502178740,1,0.02,0.0,3.7,15,0,1,1,0,1,1.0,0.0,0.0,,,,0.0,19.9926986694,224.0,607.0,0.0
1,0,1,1.0,1502141400.0,1502172000.0,3.71,1.0,230.0,320.0,0.0,0,1502178740,1,0.03,0.0,4.4,15,0,1,1,0,1,1.0,0.0,0.0,,,,2.0,13.7585268021,51.0,320.0,0.0
1,0,1,1.0,1502136000.0,1502188200.0,8.21,1.0,253.0,321.0,0.0,0,1502178740,1,0.02,0.0,4.3,5,1,1,1,0,1,1.0,0.0,0.0,0.46,28.9444444444,57.1428571429,2.0,16.6123485565,90.0,369.0,0.0
1,0,1,1.0,1502150400.0,1502191800.0,9.21,1.0,623.0,799.0,0.0,0,1502178740,1,0.07,0.0,3.8,5,0,1,1,0,1,1.0,0.0,0.0,0.06,7.61111111111,7.85714285714,2.0,9.94277095795,293.0,794.0,0.0
1,0,1,0.0,,,0.0,1.0,610.0,790.0,0.0,0,1502178740,1,0.04,0.0,3.8,15,0,1,1,0,1,1.0,0.0,0.0,,,,2.0,11.3373775482,252.0,785.0,0.0
1,0,1,1.0,1502157600.0,1502164800.0,1.71,1.0,454.0,573.0,0.0,0,1502178740,1,0.03,0.0,3.6,15,0,1,1,0,1,1.0,0.0,0.0,0.28,9.44444444444,12.1428571429,2.0,15.6548595428,246.0,573.0,0.0
1,0,1,1.0,1502150400.0,1502175600.0,4.71,1.0,831.0,1084.0,0.0,0,1502178740,1,0.04,0.7,4.15,14,0,1,1,0,1,1.0,0.0,0.0,,,,2.0,38.90026474,270.0,1077.0,0.0
1,0,1,1.0,1502150400.0,1502172000.0,3.71,2.0,908.0,1243.0,0.0,0,1502178740,1,0.03,0.45,4.55,17,1,1,0,0,1,0.0,1.0,0.0,,,,0.0,5.0250954628,292.0,1304.0,2.0
1,0,1,1.0,1502157600.0,1502200800.0,11.71,1.0,111.0,151.0,0.0,0,1502178740,1,0.03,0.0,4.3,15,0,1,1,0,1,1.0,0.0,0.0,,,,2.0,17.1193466187,27.0,151.0,0.0
1,0,1,1.0,1502155800.0,1502166600.0,2.21,1.0,365.0,479.0,0.0,0,1502178740,1,0.05,0.0,4.0,15,0,1,1,0,1,1.0,0.0,0.0,,,,2.0,17.6904029846,154.0,479.0,0.0
1,0,1,1.0,1502157600.0,1502188200.0,8.21,1.0,266.0,367.0,0.0,0,1502178740,1,0.02,0.0,4.6,5,0,1,1,0,1,1.0,0.0,0.0,,,,2.0,5.53062820435,103.0,537.0,0.0
1,0,1,0.0,,,0.0,1.0,261.0,340.0,0.0,0,1502178740,1,0.02,0.0,4.25,11,0,1,1,0,1,1.0,0.0,0.0,,,,2.0,13.5376148224,108.0,340.0,0.0
1,0,1,1.0,1502141400.0,1502168400.0,2.71,1.0,465.0,572.0,0.0,0,1502178740,1,0.03,0.0,4.75,15,0,1,1,0,1,1.0,0.0,0.0,,,,2.0,19.1069374084,225.0,572.0,0.0
1,0,1,1.0,1502150400.0,1502200800.0,11.71,1.0,292.0,405.0,0.0,0,1502178740,1,0.04,0.0,3.75,13,0,1,1,0,1,1.0,0.0,0.0,0.0,8.83333333333,12.2222222222,2.0,13.1993732452,137.0,593.0,0.0
1,0,1,0.0,,,0.0,1.0,709.0,909.0,0.0,0,1502178740,1,0.02,0.0,3.85,15,0,1,1,0,1,1.0,0.0,0.0,,,,2.0,13.1467237473,333.0,992.0,0.0
1,0,1,1.0,1502143200.0,1502175600.0,4.71,1.0,2103.0,2805.0,0.0,0,1502178740,1,0.02,0.0,4.75,11,0,0,0,0,1,0.0,0.0,1.0,,,,2.0,17.8178787231,607.0,2812.0,0.0
1,0,1,0.0,,,0.0,1.0,577.0,756.0,0.0,0,1502178740,1,0.02,0.0,3.35,15,0,1,1,0,1,1.0,0.0,0.0,,,,2.0,1.34216356277,188.0,765.0,0.0
1,0,1,1.0,1502139600.0,1502173800.0,4.21,1.0,1318.0,1646.0,0.0,0,1502178740,1,0.04,0.0,4.55,13,0,1,0,0,0,1.0,0.0,0.0,0.64,27.6666666667,63.8571428571,2.0,33.7541885376,565.0,1708.0,0.0
1,0,1,1.0,1502154000.0,1502172000.0,3.71,2.0,988.0,1355.0,0.0,0,1502178740,1,0.11,0.5,2.5,2,1,1,0,1,1,0.0,0.666666666667,0.333333333333,,,,2.0,6.02318239212,285.0,1430.0,0.0
1,0,1,1.0,1502136000.0,1502179200.0,5.71,1.0,1781.0,2133.0,0.0,0,1502178740,1,0.02,0.0,4.75,9,0,1,0,0,1,0.0,0.0,1.0,,,,2.0,70.3408966064,759.0,2177.0,0.0
1,0,1,0.0,,,0.0,1.0,261.0,364.0,0.0,0,1502178740,1,0.03,0.0,3.8,5,0,1,1,0,1,0.666666666667,0.0,0.333333333333,,,,2.0,11.5355167389,54.0,364.0,0.0
1,0,1,1.0,1502150400.0,1502193600.0,9.71,1.0,2084.0,2784.0,0.0,0,1502178740,1,0.03,0.0,3.6,15,0,1,0,0,1,1.0,0.0,0.0,0.11,14.8333333333,21.5714285714,2.0,19.1563930511,603.0,2791.0,0.0
1,0,1,1.0,1502150400.0,1502172000.0,3.71,1.0,342.0,441.0,0.0,0,1502178740,1,0.04,0.0,3.65,15,0,1,1,0,1,1.0,0.0,0.0,,,,2.0,15.8460588455,133.0,441.0,0.0
1,0,1,1.0,1502154000.0,1502164800.0,1.71,1.0,376.0,498.0,0.0,0,1502178740,1,0.06,0.0,3.85,15,0,1,0,0,1,1.0,0.0,0.0,,,,2.0,12.2268342972,226.0,617.0,0.0
1,0,1,1.0,1502145000.0,1502173800.0,4.21,1.0,320.0,419.0,0.0,0,1502178740,1,0.05,0.0,4.25,15,0,1,1,0,1,1.0,0.0,0.0,0.46,19.8888888889,46.4285714286,2.0,15.340007782,124.0,419.0,0.0
1,0,1,1.0,1502143200.0,1502175600.0,4.71,1.0,315.0,409.0,0.0,0,1502178740,1,0.04,0.0,4.5,8,0,1,1,0,1,1.0,0.0,0.0,,,,2.0,16.048500061,90.0,386.0,0.0
1,0,1,1.0,1502150400.0,1502175600.0,4.71,1.0,2350.0,56464.0,1.0,0,1502178740,1,0.5,0.8,4.2,5,0,0,0,0,0,0.333333333333,0.666666666667,0.0,,,,2.0,261.33404541,11676.0,56022.0,0.0
1,0,1,1.0,1502146800.0,1502173800.0,4.21,1.0,2439.0,44471.0,1.0,0,1502178740,1,0.05,0.0,4.5,5,0,1,1,0,1,1.0,0.0,0.0,,,,2.0,378.046661377,10154.0,44046.0,0.0
1,0,1,1.0,1502146800.0,1502172000.0,3.71,2.0,3038.0,3991.0,0.0,0,1502178740,1,0.07,0.17,4.45,17,1,1,0,0,0,0.0,0.0,1.0,,,,2.0,13.1368513107,1131.0,4287.0,0.0
1,0,1,0.0,,,0.0,8.0,3202.0,64119.0,1.0,0,1502178740,1,0.0,0.0,4.2,5,0,0,0,0,0,0.0,1.0,0.0,,,,,5.42549180984,11409.0,56546.0,
1,0,1,1.0,1502145000.0,1502172000.0,3.71,1.0,2451.0,44981.0,1.0,0,1502178740,1,0.2,0.0,4.16723300971,0,0,0,0,1,0,0.0,1.0,0.0,,,,2.0,409.557312012,10354.0,45711.0,0.0
1,0,1,0.0,,,0.0,8.0,2973.0,3562.0,0.0,0,1502178740,1,0.0,0.0,4.2,5,0,0,0,0,0,0.25,0.5,0.25,,,,0.0,99.7492218018,1228.0,3558.0,0.0
1,0,1,0.0,,,0.0,,1642.0,34879.0,1.0,0,1502178740,1,0.08,0.0,3.5,5,0,1,1,0,1,0.25,0.5,0.25,,,,2.0,180.547164917,7256.0,34271.0,0.0
1,0,1,0.0,,,0.0,2.0,1633.0,34807.0,1.0,0,1502178740,1,0.08,0.0,5.0,2,0,1,0,0,1,0.0,0.75,0.25,,,,0.0,180.277984619,7243.0,34198.0,0.0
1,0,1,0.0,,,0.0,8.0,637.0,5239.0,1.0,0,1502178740,1,0.0,0.0,4.16723300971,0,0,0,0,0,0,,,,,,,,166.030883789,1815.0,5111.0,
1,0,1,0.0,,,0.0,,1733.0,35352.0,1.0,0,1502178740,1,0.16,0.0,4.2,5,0,0,0,0,0,0.0,0.666666666667,0.333333333333,,,,0.0,182.117172241,7382.0,34935.0,0.0
1,0,1,1.0,1502154000.0,1502186400.0,7.71,1.0,623.0,5027.0,1.0,0,1502178740,1,0.11,0.0,3.8,5,0,0,1,0,1,1.0,0.0,0.0,,,,2.0,148.435623169,1701.0,4899.0,0.0
1,0,1,1.0,1502143200.0,1502175600.0,4.71,1.0,1559.0,33958.0,1.0,0,1502178740,1,0.3,0.0,3.0,5,1,1,1,1,1,1.0,0.0,0.0,,,,2.0,182.978500366,7101.0,33350.0,0.0
1,0,1,0.0,,,0.0,1.0,1536.0,33480.0,1.0,0,1502178740,1,0.08,0.0,4.16723300971,0,1,1,0,0,1,0.0,1.0,0.0,,,,0.0,181.152801514,7014.0,32872.0,2.0
1,0,1,1.0,1502146800.0,1502168400.0,2.71,1.0,377.0,528.0,0.0,0,1502178740,1,0.08,0.0,4.75,14,1,1,0,1,0,0.0,1.0,0.0,,,,0.0,11.61531353,108.0,528.0,2.0
1,0,1,1.0,1502145000.0,1502179200.0,5.71,,1572.0,1959.0,0.0,0,1502178740,1,0.05,0.0,3.3,5,0,0,0,0,0,0.2,0.6,0.2,,,,0.0,28.4918346405,605.0,2031.0,0.0
1,0,1,0.0,,,0.0,1.0,1708.0,36374.0,1.0,0,1502178740,1,0.02,0.0,4.16723300971,0,0,0,0,0,1,0.0,0.0,1.0,,,,2.0,182.220153809,7399.0,35021.0,0.0
1,0,1,0.0,,,0.0,2.0,1651.0,34940.0,1.0,0,1502178740,1,0.09,0.0,4.16723300971,0,1,1,0,0,1,0.0,0.666666666667,0.333333333333,,,,2.0,183.760177612,7268.0,34332.0,1.0
1,0,1,0.0,,,0.0,1.0,1613.0,34283.0,1.0,0,1502178740,1,0.11,0.0,4.5,4,1,1,0,0,1,0.0,1.0,0.0,,,,0.0,183.027908325,7176.0,33675.0,2.0
1,0,1,0.0,,,0.0,8.0,1742.0,35578.0,1.0,0,1502178740,1,0.0,0.0,5.0,1,0,0,0,0,0,0.0,0.666666666667,0.333333333333,,,,,174.652572632,7414.0,35185.0,
1,0,1,1.0,1502141400.0,1502188200.0,8.21,1.0,1680.0,36294.0,1.0,0,1502178740,1,0.06,0.0,3.0,5,0,1,1,0,1,0.0,0.0,1.0,0.57,34.2777777778,70.2857142857,2.0,181.682449341,7311.0,34512.0,0.0
1,0,1,0.0,,,0.0,2.0,1527.0,33538.0,1.0,0,1502178740,1,0.0,0.7,4.16723300971,0,1,1,0,0,1,,,,,,,0.0,182.582214355,7026.0,32929.0,0.0
1,0,1,1.0,1502150400.0,1502172000.0,3.7,1.0,877.0,8809.0,1.0,0,1502178740,1,0.05,0.0,3.5,4,0,1,0,0,0,1.0,0.0,0.0,,,,2.0,32.6913909912,2116.0,8592.0,0.0
1,0,1,0.0,,,0.0,8.0,1859.0,31995.0,1.0,0,1502178740,1,0.0,0.0,4.16723300971,0,0,0,0,0,0,,,,,,,,133.903610229,6781.0,31570.0,
1,0,1,0.0,,,0.0,1.0,138.0,196.0,0.0,0,1502178740,1,0.71,0.8,3.0,1,1,1,1,1,1,0.0,1.0,0.0,,,,2.0,14.4861297607,32.0,196.0,3.0
1,0,1,0.0,,,0.0,2.0,2005.0,34116.0,1.0,0,1502178740,1,0.0,0.0,4.8,5,1,1,0,0,1,0.333333333333,0.666666666667,0.0,,,,0.0,144.437210083,7311.0,33691.0,0.0
1,0,1,0.0,,,0.0,1.0,1630.0,26207.0,1.0,0,1502178740,1,0.1,0.0,3.4,5,0,1,1,0,1,1.0,0.0,0.0,,,,2.0,6.07647418976,5416.0,25782.0,0.0
1,0,1,0.0,,,0.0,1.0,2026.0,33900.0,1.0,0,1502178740,1,0.04,0.0,4.16723300971,0,0,0,0,0,1,0.0,0.666666666667,0.333333333333,,,,2.0,74.4851837158,6986.0,33474.0,0.0
1,0,1,1.0,1502150400.0,1502175600.0,4.7,,2111.0,35477.0,1.0,0,1502178740,1,0.0,0.0,5.0,2,0,1,1,1,1,0.25,0.5,0.25,,,,0.0,138.827072144,7550.0,35051.0,0.0
1,0,1,1.0,1502150400.0,1502175600.0,4.7,1.0,2148.0,35591.0,1.0,0,1502178740,1,0.5,0.0,5.0,1,0,1,0,1,1,0.5,0.5,0.0,,,,2.0,104.31047821,7551.0,35165.0,0.0
1,0,1,1.0,1502154000.0,1502175600.0,4.7,2.0,2208.0,46208.0,1.0,0,1502178740,1,0.5,0.0,4.8,5,0,1,0,1,1,0.0,0.666666666667,0.333333333333,,,,0.0,26.061882019,9331.0,44306.0,0.0
1,0,1,0.0,,,0.0,8.0,2507.0,52567.0,1.0,0,1502178740,1,0.17,0.0,4.0,5,1,1,1,0,1,0.25,0.5,0.25,,,,0.0,32.2778778076,9127.0,44994.0,0.0
1,0,1,0.0,,,0.0,1.0,2595.0,53628.0,1.0,0,1502178740,1,0.0,0.0,5.0,3,0,0,0,0,0,0.0,1.0,0.0,,,,,36.9258651733,9377.0,46055.0,
1,0,1,1.0,1502148600.0,1502173800.0,4.2,1.0,2250.0,48751.0,1.0,0,1502178740,1,0.07,0.0,4.5,5,1,1,0,0,1,0.0,1.0,0.0,0.56,15.6111111111,65.2857142857,2.0,46.7906913757,8433.0,41179.0,2.0
1,0,1,1.0,1502139600.0,1502175600.0,4.7,1.0,2255.0,48819.0,1.0,0,1502178740,1,0.07,0.0,4.6,5,0,1,0,0,1,1.0,0.0,0.0,,,,2.0,42.7232551575,8435.0,41246.0,0.0
1,0,1,1.0,1502150400.0,1502175600.0,4.7,1.0,153.0,217.0,0.0,0,1502178740,1,0.05,0.37,2.9,15,1,1,0,0,1,0.0,1.0,0.0,,,,0.0,15.5870504379,67.0,217.0,2.0
1,0,1,1.0,1502245071.0,1502072271.0,86400.0,8.0,271.0,380.0,0.0,0,1502178740,1,0.01,0.0,3.55,10,1,1,1,0,1,0.25,0.5,0.25,,,,2.0,13.251039505,69.0,438.0,0.0
1,0,1,1.0,1502143200.0,1502172000.0,3.7,8.0,2235.0,48413.0,1.0,0,1502178740,1,0.0,0.0,4.16723300971,0,0,0,0,0,0,0.0,1.0,0.0,,,,,53.607925415,8389.0,40809.0,
1,0,1,0.0,,,0.0,8.0,379.0,531.0,0.0,0,1502178740,1,0.0,0.0,4.16723300971,0,0,0,0,0,0,,,,,,,,11.0636234283,108.0,531.0,
1,0,1,0.0,,,0.0,1.0,2253.0,48798.0,1.0,0,1502178740,1,0.1,0.0,4.16723300971,0,0,1,0,0,1,0.0,0.0,1.0,,,,2.0,42.7081069946,8433.0,41226.0,0.0
1,0,1,1.0,1502141400.0,1502172000.0,3.7,1.0,2242.0,48727.0,1.0,0,1502178740,1,0.07,0.0,4.8,5,0,1,0,0,1,1.0,0.0,0.0,,,,2.0,43.8262672424,8424.0,41155.0,0.0
1,0,1,1.0,1502146800.0,1502172000.0,3.7,1.0,2551.0,53222.0,1.0,0,1502178740,1,0.08,0.0,4.1,5,0,1,0,0,1,1.0,0.0,0.0,0.28,9.88888888889,35.2857142857,2.0,23.4727420807,9233.0,45650.0,0.0
1,0,1,1.0,1502150400.0,1502175600.0,4.7,1.0,1985.0,34385.0,1.0,0,1502178740,1,0.0,0.7,4.0,5,0,1,0,1,1,0.333333333333,0.666666666667,0.0,,,,0.0,95.462310791,7121.0,33959.0,0.0
1,0,1,1.0,1502154000.0,1502175600.0,4.7,1.0,2091.0,44159.0,1.0,0,1502178740,1,0.0,0.65,4.1,5,0,1,0,0,1,0.5,0.5,0.0,,,,0.0,86.1200408936,8921.0,41236.0,0.0
1,0,1,0.0,,,0.0,1.0,2350.0,50204.0,1.0,0,1502178740,1,0.03,0.0,4.5,7,0,0,0,0,1,1.0,0.0,0.0,,,,2.0,11.6757497787,10313.0,49503.0,0.0
1,0,1,1.0,1502245076.0,1502072276.0,86400.0,1.0,2191.0,49537.0,1.0,0,1502178740,1,0.07,0.0,3.1,5,0,1,0,0,1,1.0,0.0,0.0,,,,2.0,11.8503303528,10276.0,49538.0,0.0
1,0,1,0.0,,,0.0,8.0,378.0,498.0,0.0,0,1502178740,1,0.0,0.0,4.5,11,0,0,0,0,0,0.0,0.666666666667,0.333333333333,,,,,17.0875968933,157.0,498.0,
1,0,1,0.0,,,0.0,1.0,1637.0,2207.0,0.0,0,1502178740,1,0.03,0.0,2.6,5,0,0,0,0,1,1.0,0.0,0.0,,,,2.0,3.69684624672,481.0,2273.0,0.0
1,0,1,1.0,1502143200.0,1502179200.0,5.7,2.0,915.0,1057.0,0.0,0,1502178740,1,0.0,0.0,4.2,5,1,1,1,0,1,0.0,0.0,1.0,0.62,35.1666666667,67.8571428571,2.0,57.8296699524,501.0,1057.0,1.0
1,0,1,0.0,,,0.0,1.0,2579.0,53755.0,1.0,0,1502178740,1,0.08,0.0,5.0,1,0,0,0,0,1,0.0,1.0,0.0,,,,2.0,8.09448051453,9302.0,46182.0,2.0
1,0,1,0.0,,,0.0,,351.0,462.0,0.0,0,1502178740,1,0.0,0.0,4.16723300971,0,0,0,0,0,0,,,,,,,,14.799446106,132.0,462.0,
1,0,1,1.0,1502145000.0,1502179200.0,5.7,2.0,541.0,699.0,0.0,0,1502178740,1,0.9,0.8,4.8,5,1,1,0,0,1,0.0,0.666666666667,0.333333333333,,,,0.0,2.516289711,180.0,699.0,0.0
1,0,1,0.0,,,0.0,8.0,1074.0,1297.0,0.0,0,1502178740,1,0.0,0.0,4.16723300971,0,0,0,0,0,0,,,,,,,,45.9675941467,514.0,1359.0,
1,0,1,0.0,,,0.0,8.0,2700.0,54988.0,1.0,0,1502178740,1,0.0,0.0,4.16723300971,0,0,0,0,0,0,,,,,,,,20.6166648865,9582.0,47415.0,
1,0,1,0.0,,,0.0,,2314.0,50487.0,1.0,0,1502178740,1,0.0,0.0,5.0,1,0,0,0,0,0,0.0,1.0,0.0,,,,,29.9928779602,10499.0,50290.0,
1,0,1,0.0,,,0.0,8.0,3389.0,4482.0,0.0,0,1502178740,1,0.0,0.0,4.16723300971,0,0,0,0,0,0,,,,,,,,22.4273738861,950.0,4545.0,
1,0,1,0.0,,,0.0,1.0,2723.0,3118.0,0.0,0,1502178740,1,0.0,0.75,2.6,10,0,0,0,0,0,0.0,1.0,0.0,,,,0.0,141.065979004,1248.0,3129.0,2.0
1,0,1,0.0,,,0.0,,2252.0,49761.0,1.0,0,1502178740,1,0.0,0.0,5.0,1,0,0,0,0,0,1.0,0.0,0.0,,,,,9.8796415329,10309.0,49762.0,
1,0,1,1.0,1502146800.0,1502179200.0,5.7,8.0,2845.0,58527.0,1.0,0,1502178740,1,0.09,0.0,3.5,5,1,1,1,0,1,0.2,0.6,0.2,,,,0.0,6.58469581604,9797.0,48818.0,0.0
1,0,1,0.0,,,0.0,8.0,4830.0,6187.0,0.0,0,1502178740,1,0.0,0.0,4.16723300971,0,0,0,0,0,0,,,,,,,,82.6838989258,1542.0,6274.0,
1,0,1,0.0,,,0.0,8.0,1785.0,24747.0,1.0,0,1502178740,1,0.0,0.0,4.16723300971,0,0,0,0,0,0,0.0,0.666666666667,0.333333333333,,,,,131.156478882,5614.0,24226.0,
1,0,1,1.0,1502146800.0,1502182800.0,6.7,1.0,2760.0,55423.0,1.0,0,1502178740,1,0.04,0.0,4.0,5,0,1,0,0,1,1.0,0.0,0.0,0.0,11.1666666667,22.7142857143,2.0,6.50095891953,9628.0,47851.0,0.0
1,0,1,1.0,1502143200.0,1502175600.0,4.7,8.0,2255.0,49924.0,1.0,0,1502178740,1,0.02,0.0,4.2,5,1,1,1,0,1,0.25,0.5,0.25,,,,0.0,5.74153852463,10316.0,49925.0,0.0
1,0,1,1.0,1502146800.0,1502172000.0,3.7,1.0,2686.0,55185.0,1.0,0,1502178740,1,0.03,0.0,4.7,5,0,1,1,0,1,0.5,0.5,0.0,0.47,13.1111111111,48.5714285714,2.0,8.59176445007,9547.0,47613.0,0.0
1,0,1,0.0,,,0.0,8.0,2809.0,55891.0,1.0,0,1502178740,1,0.4,0.65,4.3,5,0,1,1,0,1,0.25,0.5,0.25,,,,0.0,6.00747394562,9707.0,48319.0,0.0
1,0,1,1.0,1502148600.0,1502177400.0,5.2,1.0,2143.0,48960.0,1.0,0,1502178740,1,0.06,0.0,4.6,5,0,1,0,0,1,1.0,0.0,0.0,,,,2.0,22.5113048553,10192.0,48960.0,0.0
1,0,1,1.0,1502150400.0,1502172000.0,3.7,2.0,259.0,344.0,0.0,0,1502178740,1,0.0,0.29,4.4,5,1,1,0,1,1,0.0,1.0,0.0,0.42,12.5,35.7142857143,0.0,15.7809457779,124.0,397.0,2.0
1,0,1,0.0,,,0.0,8.0,2277.0,49879.0,1.0,0,1502178740,1,0.0,0.0,4.5,2,0,0,0,0,0,0.0,1.0,0.0,,,,,9.1398525238,10353.0,49880.0,
1,0,1,1.0,1502148600.0,1502173800.0,4.2,2.0,2737.0,54961.0,1.0,0,1502178740,1,0.04,0.0,4.2,5,1,1,0,0,1,0.0,1.0,0.0,0.62,26.0,60.8571428571,2.0,2.32918357849,9541.0,47418.0,0.0
1,0,1,1.0,1502139600.0,1502182800.0,6.7,8.0,2262.0,49801.0,1.0,0,1502178740,1,0.0,0.0,4.1,5,0,0,0,0,0,0.0,0.666666666667,0.333333333333,0.55,36.2222222222,62.8571428571,,9.03757667542,10316.0,49802.0,
1,0,1,1.0,1502148600.0,1502170200.0,3.2,2.0,2735.0,54937.0,1.0,0,1502178740,1,0.04,0.0,3.9,5,1,1,0,0,1,0.0,1.0,0.0,,,,0.0,3.34936785698,9533.0,47359.0,2.0
1,0,1,0.0,,,0.0,8.0,940.0,18417.0,1.0,0,1502178740,1,0.0,0.0,4.7,3,0,0,0,0,0,0.0,1.0,0.0,,,,,164.208831787,4606.0,19146.0,
1,0,1,0.0,,,0.0,8.0,1568.0,28142.0,1.0,0,1502178740,1,0.02,0.0,5.0,5,1,1,1,0,1,0.25,0.5,0.25,,,,0.0,160.02456665,6112.0,27761.0,0.0
1,0,1,1.0,1502143200.0,1502175600.0,4.7,8.0,1286.0,23210.0,1.0,0,1502178740,1,0.0,0.0,4.6,5,0,0,0,0,0,0.0,1.0,0.0,0.03,1.33333333333,33.8571428571,,172.926544189,5490.0,23939.0,
1,0,1,1.0,1502146800.0,1502173800.0,4.2,2.0,1358.0,18846.0,1.0,0,1502178740,1,0.65,0.7,3.8,5,1,1,0,0,1,0.0,0.8,0.2,0.46,10.5,57.5714285714,2.0,211.742385864,5072.0,16941.0,0.0
1,0,1,1.0,1502141400.0,1502182800.0,6.7,1.0,505.0,674.0,0.0,0,1502178740,1,0.69,0.7,4.6,17,1,1,1,1,1,0.0,0.5,0.5,0.64,26.7777777778,73.4285714286,2.0,17.578420639,178.0,674.0,1.0
1,0,1,0.0,,,0.0,2.0,3081.0,4081.0,0.0,0,1502178740,1,0.0,0.7,1.0,1,1,1,1,0,1,0.0,1.0,0.0,,,,2.0,24.0794487,940.0,4304.0,3.0
1,0,1,0.0,,,0.0,2.0,1008.0,12701.0,1.0,0,1502178740,1,1.0,0.9,4.0,2,1,1,0,0,0,0.0,0.75,0.25,,,,0.0,15.10201931,2606.0,12180.0,3.0
1,0,1,1.0,1502139600.0,1502186400.0,7.69,,1272.0,17530.0,1.0,0,1502178740,1,0.18,0.0,3.7,5,1,1,1,0,1,0.25,0.5,0.25,,,,0.0,188.436935425,4463.0,17008.0,0.0
1,0,1,0.0,,,0.0,,1283.0,17732.0,1.0,0,1502178740,1,0.0,0.0,4.16723300971,0,0,0,0,0,0,,,,,,,,194.083847046,4501.0,17251.0,
1,0,1,0.0,,,0.0,1.0,1903.0,32860.0,1.0,0,1502178740,1,0.86,0.85,4.16723300971,0,0,1,0,1,0,0.333333333333,0.666666666667,0.0,,,,0.0,68.4471588135,6735.0,32434.0,0.0
1,0,1,1.0,1502146800.0,1502177400.0,5.19,,1440.0,23901.0,1.0,0,1502178740,1,0.0,0.0,4.16723300971,0,0,0,0,0,0,0.0,0.666666666667,0.333333333333,,,,,54.8608627319,5009.0,23476.0,
1,0,1,0.0,,,0.0,1.0,1274.0,17553.0,1.0,0,1502178740,1,0.08,0.0,2.9,5,0,1,1,0,1,0.5,0.5,0.0,,,,2.0,187.008239746,4468.0,17031.0,0.0
1,0,1,0.0,,,0.0,,1428.0,21653.0,1.0,0,1502178740,1,0.0,0.0,5.0,2,0,0,0,0,0,0.0,1.0,0.0,,,,,46.6976165771,4382.0,20356.0,
1,0,1,0.0,,,0.0,8.0,1323.0,27092.0,1.0,0,1502178740,1,0.0,0.0,4.0,4,0,0,0,0,0,0.0,1.0,0.0,,,,,72.3304519653,5911.0,27093.0,
1,0,1,0.0,,,0.0,1.0,1666.0,16154.0,1.0,0,1502178740,1,0.7,0.9,4.0,2,1,1,0,1,1,0.0,0.5,0.5,,,,0.0,131.0,3468.0,12994.0,2.0
1,0,1,0.0,,,0.0,1.0,1982.0,30927.0,1.0,0,1502178740,1,0.8,0.8,4.16723300971,0,1,1,0,1,0,0.0,1.0,0.0,,,,2.0,5.60792160034,6318.0,30754.0,1.0
1,0,1,0.0,,,0.0,8.0,1764.0,27558.0,1.0,0,1502178740,1,0.0,0.0,4.16723300971,0,0,0,0,0,0,,,,,,,,20.4511013031,5693.0,27133.0,
1,0,1,0.0,,,0.0,8.0,1259.0,27492.0,1.0,0,1502178740,1,0.0,0.0,4.16723300971,0,0,0,0,0,0,,,,,,,,80.816986084,6010.0,27512.0,
1,0,1,1.0,1502145000.0,1502179200.0,5.69,1.0,1591.0,25516.0,1.0,0,1502178740,1,0.72,0.0,4.16723300971,0,0,1,0,0,0,0.0,1.0,0.0,,,,2.0,4.02919483185,5316.0,25091.0,0.0
1,0,1,1.0,1502136000.0,1502218800.0,16.69,1.0,1486.0,24037.0,1.0,0,1502178740,1,0.04,0.0,5.0,1,0,1,0,0,0,1.0,0.0,0.0,,,,2.0,27.7459907532,5045.0,23612.0,0.0
1,0,1,0.0,,,0.0,8.0,1634.0,25963.0,1.0,0,1502178740,1,0.0,0.0,2.0,1,0,0,0,0,0,0.0,0.666666666667,0.333333333333,,,,,57.0846977234,5394.0,25537.0,
1,0,1,0.0,,,0.0,8.0,1303.0,28215.0,1.0,0,1502178740,1,0.0,0.0,4.16723300971,0,0,0,0,0,0,,,,,,,,59.1394309998,6088.0,28216.0,
1,0,1,0.0,,,0.0,1.0,1676.0,26593.0,1.0,0,1502178740,1,0.1,0.0,4.4,5,0,1,1,0,1,0.5,0.5,0.0,,,,2.0,6.57003307343,5488.0,26168.0,0.0
1,0,1,0.0,,,0.0,8.0,1941.0,30575.0,1.0,0,1502178740,1,0.0,0.0,4.16723300971,0,0,0,0,0,0,,,,,,,,11.5230426788,6224.0,30150.0,
1,0,1,0.0,,,0.0,1.0,841.0,7324.0,1.0,0,1502178740,1,0.8,0.9,3.4,10,1,1,0,1,0,0.0,1.0,0.0,,,,0.0,143.979370117,2198.0,6936.0,2.0
1,0,1,0.0,,,0.0,8.0,1685.0,26972.0,1.0,0,1502178740,1,0.0,0.0,4.16723300971,0,0,0,0,0,0,0.0,0.0,1.0,,,,,13.659412384,5564.0,26547.0,
1,0,1,0.0,,,0.0,,1570.0,24725.0,1.0,0,1502178740,1,0.0,0.0,3.2,5,0,0,0,0,0,0.25,0.5,0.25,,,,,55.7019424438,5201.0,24299.0,
1,0,1,1.0,1502139600.0,1502190000.0,8.69,,1519.0,24666.0,1.0,0,1502178740,1,0.0,0.0,3.2,5,0,0,0,0,0,0.333333333333,0.666666666667,0.0,0.18,30.0,50.1428571429,,57.4128990173,5151.0,24241.0,
1,0,1,0.0,,,0.0,1.0,1581.0,25774.0,1.0,0,1502178740,1,0.81,0.67,4.8,5,1,1,0,0,1,0.0,1.0,0.0,,,,2.0,2.73995494843,5367.0,25308.0,1.0
1,0,1,0.0,,,0.0,8.0,2073.0,32653.0,1.0,0,1502178740,1,0.0,0.0,4.16723300971,0,0,0,0,0,0,,,,,,,,51.2255249023,6805.0,32228.0,
1,0,1,1.0,1502146800.0,1502168400.0,2.69,1.0,1530.0,24462.0,1.0,0,1502178740,1,0.05,0.0,4.1,5,0,1,1,0,1,1.0,0.0,0.0,0.32,11.5555555556,58.7142857143,2.0,59.0120773315,5160.0,24037.0,0.0
1,0,1,1.0,1502143200.0,1502182800.0,6.69,8.0,1550.0,24619.0,1.0,0,1502178740,1,0.0,0.0,3.4,5,0,0,0,0,0,0.0,0.666666666667,0.333333333333,0.77,36.5,76.7142857143,,58.076877594,5186.0,24194.0,
1,0,1,1.0,1502145000.0,1502173800.0,4.19,,2282.0,46197.0,1.0,0,1502178740,1,0.0,0.0,4.16723300971,0,0,0,0,0,0,0.0,1.0,0.0,,,,,28.4354095459,9330.0,44295.0,
1,0,1,1.0,1502146800.0,1502172000.0,3.69,1.0,2632.0,60006.0,1.0,0,1502178740,1,0.06,0.0,4.4,5,0,1,1,0,1,0.333333333333,0.666666666667,0.0,,,,2.0,247.341201782,12413.0,59582.0,0.0
1,0,1,0.0,,,0.0,8.0,1443.0,29296.0,1.0,0,1502178740,1,0.0,0.0,4.16723300971,0,0,0,0,0,0,0.0,0.666666666667,0.333333333333,,,,,26.7951278687,6347.0,29297.0,
1,0,1,,1502177400.0,1502114400.0,0.0,2.0,244.0,336.0,0.0,0,1502178740,1,0.07,0.5,4.3,5,1,1,1,0,1,1.0,0.0,0.0,0.0,16.8888888889,0.0,0.0,14.6671218872,80.0,340.0,0.0
1,0,1,0.0,,,0.0,1.0,1581.0,34972.0,1.0,0,1502178740,1,0.8,0.8,4.16723300971,0,0,1,0,0,1,0.333333333333,0.666666666667,0.0,,,,0.0,43.7563781738,7638.0,34973.0,0.0
1,0,1,1.0,1502154000.0,1502172000.0,3.69,1.0,2333.0,46991.0,1.0,0,1502178740,1,0.86,0.8,5.0,5,0,1,0,0,1,0.333333333333,0.666666666667,0.0,,,,0.0,25.4411373138,9447.0,44925.0,0.0
1,0,1,0.0,,,0.0,8.0,1830.0,37709.0,1.0,0,1502178740,1,0.0,0.0,4.16723300971,0,0,0,0,0,0,0.0,1.0,0.0,,,,,66.6670150757,8311.0,37710.0,
1,0,1,1.0,1502148600.0,1502177400.0,5.19,1.0,1349.0,1728.0,0.0,0,1502178740,1,0.06,0.0,4.16723300971,0,0,1,0,0,0,0.0,1.0,0.0,,,,2.0,16.4258842468,441.0,1724.0,0.0
1,0,1,0.0,,,0.0,8.0,1894.0,36072.0,1.0,0,1502178740,1,0.0,0.0,4.16723300971,0,0,0,0,0,0,,,,,,,,168.629150391,7177.0,34281.0,
1,0,1,0.0,,,0.0,8.0,906.0,15282.0,1.0,0,1502178740,1,0.0,0.0,3.0,1,0,0,0,0,0,0.0,1.0,0.0,,,,,145.935638428,3883.0,15799.0,
1,0,1,0.0,,,0.0,1.0,1047.0,16440.0,1.0,0,1502178740,1,0.7,0.0,4.8,5,1,1,0,1,1,0.0,1.0,0.0,,,,2.0,148.887359619,3871.0,15339.0,0.0
1,0,1,0.0,,,0.0,8.0,1139.0,19645.0,1.0,0,1502178740,1,0.0,0.0,4.16723300971,0,0,0,0,0,0,,,,,,,,155.866149902,4727.0,20161.0,
1,0,1,1.0,1502146800.0,1502175600.0,4.69,8.0,826.0,12660.0,1.0,0,1502178740,1,0.3,0.0,4.2,5,1,1,1,0,1,0.333333333333,0.666666666667,0.0,,,,0.0,150.988677979,3373.0,13176.0,0.0
1,0,1,0.0,,,0.0,8.0,1118.0,14024.0,1.0,0,1502178740,1,0.0,0.0,4.16723300971,0,0,0,0,0,0,,,,,,,,185.876144409,3528.0,12951.0,
1,0,1,0.0,,,0.0,2.0,477.0,631.0,0.0,0,1502178740,1,0.1,0.5,4.55,15,0,1,1,0,1,1.0,0.0,0.0,,,,0.0,16.4616680145,180.0,631.0,0.0
1,0,1,1.0,1502143200.0,1502186400.0,7.69,8.0,817.0,12640.0,1.0,0,1502178740,1,0.0,0.0,3.3,3,0,0,0,0,0,0.0,0.666666666667,0.333333333333,0.57,37.5555555556,47.8571428571,,151.829376221,3371.0,13156.0,
1,0,1,0.0,,,0.0,,846.0,13074.0,1.0,0,1502178740,1,0.0,0.0,4.16723300971,0,0,0,0,0,0,,,,,,,,140.759490967,3434.0,13590.0,
1,0,1,0.0,,,0.0,8.0,802.0,8508.0,1.0,0,1502178740,1,0.0,0.0,4.16723300971,0,0,0,0,0,0,,,,,,,,187.467208862,2152.0,6532.0,
1,0,1,0.0,,,0.0,8.0,885.0,11656.0,1.0,0,1502178740,1,0.07,0.0,3.7,5,1,1,0,0,1,0.2,0.6,0.2,,,,0.0,18.285736084,2386.0,11135.0,0.0
1,0,1,0.0,,,0.0,,646.0,6717.0,1.0,0,1502178740,1,0.06,0.0,4.0,5,1,1,0,0,1,0.25,0.5,0.25,,,,0.0,22.0982398987,1500.0,6167.0,0.0
1,0,1,1.0,1502146800.0,1502175600.0,4.69,1.0,797.0,8966.0,1.0,0,1502178740,1,0.81,0.8,4.4,5,1,1,0,0,1,0.0,1.0,0.0,0.5,16.9444444444,55.5714285714,0.0,6.11159229279,1929.0,8444.0,1.0
1,0,1,1.0,1502137800.0,1502188200.0,8.19,,607.0,6496.0,1.0,0,1502178740,1,0.0,0.0,3.7,5,0,0,0,0,0,0.25,0.5,0.25,,,,,19.4990215302,1451.0,5975.0,
1,0,1,,1502175600.0,1502195400.0,0.0,1.0,3295.0,4349.0,0.0,0,1502178740,1,0.05,0.0,4.5,5,0,1,1,0,1,1.0,0.0,0.0,,,,2.0,24.6863765717,929.0,4412.0,0.0
1,0,1,0.0,,,0.0,8.0,1264.0,16769.0,1.0,0,1502178740,1,0.0,0.0,4.5,2,0,0,0,0,0,0.333333333333,0.666666666667,0.0,,,,,35.9378547668,3598.0,16247.0,
1,0,1,0.0,,,0.0,2.0,475.0,677.0,0.0,0,1502178740,1,0.03,0.5,4.35,15,0,1,1,0,1,1.0,0.0,0.0,,,,2.0,7.15051317215,142.0,677.0,0.0
1,0,1,0.0,,,0.0,,1279.0,16909.0,1.0,0,1502178740,1,0.0,0.0,5.0,1,0,0,0,0,0,0.0,1.0,0.0,,,,,16.9530696869,3390.0,15653.0,
1,0,1,1.0,1502150400.0,1502175600.0,4.69,1.0,1177.0,17977.0,1.0,0,1502178740,1,0.08,0.0,4.5,5,1,1,1,0,1,0.333333333333,0.666666666667,0.0,,,,0.0,95.7377471924,4016.0,17455.0,0.0
1,0,1,0.0,,,0.0,1.0,1108.0,15426.0,1.0,0,1502178740,1,0.7,0.7,4.0,2,1,1,1,1,1,0.333333333333,0.666666666667,0.0,,,,0.0,53.9915390015,3370.0,14904.0,0.0
1,0,1,0.0,,,0.0,,1067.0,14111.0,1.0,0,1502178740,1,0.0,0.0,4.16723300971,0,0,0,0,0,0,,,,,,,,29.6754264832,2911.0,13554.0,
1,0,1,0.0,,,0.0,8.0,1037.0,13185.0,1.0,0,1502178740,1,0.0,0.0,4.16723300971,0,0,0,0,0,0,0.333333333333,0.666666666667,0.0,,,,,6.72346305847,2310.0,10309.0,
1,0,1,0.0,,,0.0,8.0,,,,0,1502178740,1,0.0,0.0,4.16723300971,0,0,0,0,0,0,,,,,,,,5.3160238266,,,
1,0,1,0.0,,,0.0,,1008.0,12701.0,1.0,0,1502178740,1,0.0,0.0,4.16723300971,0,0,0,0,0,0,,,,,,,,15.10201931,2606.0,12180.0,
1,0,1,0.0,,,0.0,1.0,907.0,12503.0,1.0,0,1502178740,1,0.06,0.0,4.6,5,0,1,0,0,0,1.0,0.0,0.0,,,,2.0,28.0007419586,2608.0,11981.0,0.0
1,0,1,0.0,,,0.0,8.0,1407.0,21211.0,1.0,0,1502178740,1,0.0,0.0,4.16723300971,0,0,0,0,0,0,,,,,,,,152.339782715,4978.0,20689.0,
1,0,1,,1502177400.0,1502190000.0,0.0,2.0,595.0,735.0,0.0,0,1502178740,1,0.07,0.0,4.4,15,0,1,1,0,1,1.0,0.0,0.0,,,,2.0,26.2647228241,330.0,735.0,0.0
1,0,1,0.0,,,0.0,8.0,1447.0,19079.0,1.0,0,1502178740,1,0.03,0.0,4.2,5,1,1,1,0,1,0.333333333333,0.5,0.166666666667,,,,2.0,7.24303817749,3874.0,18557.0,0.0
1,0,1,1.0,1502152200.0,1502188200.0,8.19,2.0,1016.0,13349.0,1.0,0,1502178740,1,0.04,0.0,4.3,5,0,1,0,1,0,1.0,0.0,0.0,0.07,8.66666666667,13.7142857143,2.0,32.169670105,2770.0,12827.0,0.0
1,0,1,0.0,,,0.0,1.0,1127.0,15297.0,1.0,0,1502178740,1,0.7,0.9,4.16723300971,0,0,1,0,1,0,0.0,1.0,0.0,,,,2.0,71.5651626587,3592.0,14775.0,0.0
1,0,1,0.0,,,0.0,1.0,991.0,12952.0,1.0,0,1502178740,1,0.01,0.0,3.0,1,0,1,0,1,0,0.0,0.0,1.0,,,,2.0,37.8805923462,2724.0,12431.0,3.0
1,0,1,1.0,1502136000.0,1502179200.0,5.68,1.0,1053.0,13461.0,1.0,0,1502178740,1,0.04,0.0,4.5,4,0,1,0,1,0,1.0,0.0,0.0,,,,2.0,35.1779594421,2793.0,12931.0,0.0
1,0,1,,1502172000.0,1502184600.0,0.0,1.0,1026.0,13375.0,1.0,0,1502178740,1,0.05,0.0,4.5,2,0,1,0,1,0,1.0,0.0,0.0,,,,2.0,32.7117843628,2776.0,12853.0,0.0
1,0,1,0.0,,,0.0,1.0,1017.0,13584.0,1.0,0,1502178740,1,0.05,0.0,4.16723300971,0,0,1,0,1,0,1.0,0.0,0.0,,,,2.0,32.1699867249,2774.0,12848.0,0.0
1,0,1,1.0,1502139600.0,1502190000.0,8.68,8.0,1004.0,13325.0,1.0,0,1502178740,1,0.0,0.0,4.5,5,0,0,0,0,0,0.0,1.0,0.0,0.53,35.0,72.7142857143,,32.9432983398,2768.0,12803.0,
1,0,1,1.0,1502154000.0,1502172000.0,3.68,1.0,902.0,12156.0,1.0,0,1502178740,1,0.7,0.7,4.3,5,0,1,0,1,0,0.333333333333,0.666666666667,0.0,,,,0.0,25.1942806244,2492.0,11634.0,0.0
1,0,1,0.0,,,0.0,8.0,1260.0,26449.0,1.0,0,1502178740,1,0.0,0.0,4.16723300971,0,0,0,0,0,0,,,,,,,,152.026168823,6053.0,26450.0,
1,0,1,,1502175600.0,1502114400.0,0.0,3.0,566.0,769.0,0.0,0,1502178740,1,0.07,0.0,4.35,15,0,1,1,0,1,1.0,0.0,0.0,0.0,13.6111111111,0.0,2.0,9.46033382416,183.0,763.0,0.0
1,0,1,1.0,1502146800.0,1502175600.0,4.68,1.0,1311.0,27025.0,1.0,0,1502178740,1,0.7,0.7,4.1,5,0,1,0,1,0,0.0,0.666666666667,0.333333333333,,,,0.0,61.8983192444,5901.0,27026.0,0.0
1,0,1,1.0,1502150400.0,1502172000.0,3.68,1.0,2371.0,49198.0,1.0,0,1502178740,1,0.7,0.7,4.7,3,0,1,0,1,0,0.333333333333,0.666666666667,0.0,,,,0.0,71.9756546021,9595.0,42500.0,0.0
1,0,1,1.0,1502137800.0,1502177400.0,5.18,1.0,1083.0,18272.0,1.0,0,1502178740,1,0.01,0.0,1.0,2,0,1,0,1,0,1.0,0.0,0.0,,,,2.0,167.695449829,4247.0,18182.0,0.0
1,0,1,0.0,,,0.0,1.0,1244.0,24664.0,1.0,0,1502178740,1,0.05,0.0,3.5,5,0,1,0,0,0,1.0,0.0,0.0,,,,2.0,138.801254272,5123.0,22873.0,0.0
1,0,1,1.0,1502139600.0,1502191800.0,9.18,8.0,1440.0,26623.0,1.0,0,1502178740,1,0.06,0.0,4.5,4,0,1,0,1,0,0.25,0.5,0.25,,,,0.0,144.0,5493.0,24832.0,0.0
1,0,1,0.0,,,0.0,4.0,1341.0,25388.0,1.0,0,1502178740,1,0.0,0.0,4.2,5,0,1,0,1,0,1.0,0.0,0.0,,,,0.0,150.005783081,5294.0,23597.0,0.0
1,0,1,1.0,1502150400.0,1502172000.0,3.68,1.0,1785.0,31261.0,1.0,0,1502178740,1,0.7,0.65,4.2,5,1,1,0,1,0,0.0,1.0,0.0,,,,2.0,164.083724976,6358.0,29470.0,0.0
1,0,1,1.0,1502141400.0,1502186400.0,7.68,1.0,1257.0,24614.0,1.0,0,1502178740,1,0.05,0.0,3.9,5,0,1,0,1,0,0.0,0.5,0.5,0.55,34.7222222222,70.5714285714,2.0,138.517593384,5115.0,22823.0,0.0
1,0,1,1.0,1502150400.0,1502175600.0,4.68,1.0,1313.0,25241.0,1.0,0,1502178740,1,0.0,0.0,3.7,3,0,1,0,0,0,1.0,0.0,0.0,,,,2.0,147.535476685,5244.0,23450.0,0.0
1,0,1,1.0,1502157600.0,1502197200.0,10.68,,,,,0,1502178740,1,0.04,0.0,4.6,5,0,1,0,1,0,1.0,0.0,0.0,,,,2.0,150.784606934,,,0.0
1,0,1,1.0,1502145000.0,1502172000.0,3.68,2.0,726.0,974.0,0.0,0,1502178740,1,0.09,0.0,4.35,15,0,1,1,0,1,1.0,0.0,0.0,0.35,14.5555555556,44.7142857143,2.0,7.45366811752,249.0,967.0,0.0
1,0,1,0.0,,,0.0,8.0,1333.0,25446.0,1.0,0,1502178740,1,0.0,0.0,4.16723300971,0,0,0,0,0,0,,,,,,,,149.65713501,5281.0,23655.0,
1,0,1,0.0,,,0.0,1.0,1314.0,25095.0,1.0,0,1502178740,1,0.04,0.0,4.2,15,0,1,0,1,0,1.0,0.0,0.0,,,,2.0,145.048461914,5231.0,23304.0,0.0
1,0,1,0.0,,,0.0,,1560.0,28032.0,1.0,0,1502178740,1,0.1,0.0,4.7,5,0,1,0,1,0,0.25,0.5,0.25,,,,0.0,149.667724609,5733.0,26241.0,0.0
1,0,1,1.0,1502146800.0,1502172000.0,3.68,1.0,2035.0,2826.0,0.0,0,1502178740,1,0.04,0.0,5.0,3,0,1,0,0,0,1.0,0.0,0.0,,,,2.0,4.0,538.0,2811.0,0.0
1,0,1,1.0,1502150400.0,1502193600.0,9.68,,1085.0,18289.0,1.0,0,1502178740,1,0.0,0.0,4.16723300971,0,0,0,0,0,0,0.0,1.0,0.0,,,,,166.616928101,4250.0,18200.0,
1,0,1,0.0,,,0.0,,1228.0,23708.0,1.0,0,1502178740,1,0.0,0.0,4.16723300971,0,0,0,0,0,0,0.333333333333,0.666666666667,0.0,,,,,137.687728882,5424.0,24485.0,
1,0,1,1.0,1502139600.0,1502188200.0,8.18,1.0,989.0,14586.0,1.0,0,1502178740,1,0.05,0.0,3.5,5,0,1,0,0,0,1.0,0.0,0.0,,,,2.0,172.396835327,3551.0,14495.0,0.0
1,0,1,1.0,1502146800.0,1502175600.0,4.68,1.0,216.0,282.0,0.0,0,1502178740,1,0.06,0.0,4.16723300971,0,0,1,0,0,0,0.0,0.666666666667,0.333333333333,,,,2.0,15.967461586,73.0,282.0,0.0
1,0,1,1.0,1502132400.0,1502195400.0,10.18,2.0,982.0,15140.0,1.0,0,1502178740,1,0.5,0.0,3.7,5,0,1,1,1,1,0.0,0.0,1.0,0.62,42.4444444444,41.5,2.0,169.950012207,3572.0,14612.0,2.0
1,0,1,0.0,,,0.0,8.0,1031.0,17366.0,1.0,0,1502178740,1,0.0,0.0,4.16723300971,0,0,0,0,0,0,,,,,,,,166.062332153,4091.0,17277.0,
1,0,1,1.0,1502155800.0,1502166600.0,2.18,1.0,701.0,870.0,0.0,0,1502178740,1,0.04,0.0,4.5,5,0,1,1,0,1,1.0,0.0,0.0,0.42,12.5,35.7142857143,2.0,22.1496105194,362.0,946.0,0.0
1,0,1,0.0,,,0.0,1.0,1079.0,18231.0,1.0,0,1502178740,1,0.02,0.0,4.8,5,0,1,0,1,1,1.0,0.0,0.0,,,,2.0,167.477890015,4241.0,18142.0,0.0
1,0,1,1.0,1502150400.0,1502193600.0,9.68,1.0,607.0,4622.0,1.0,0,1502178740,1,0.07,0.0,4.2,5,0,1,0,0,0,0.0,0.666666666667,0.333333333333,0.19,17.4444444444,25.5714285714,2.0,61.920539856,1339.0,4476.0,0.0
1,0,1,0.0,,,0.0,1.0,685.0,5235.0,1.0,0,1502178740,1,0.05,0.0,4.16723300971,0,0,1,0,0,0,1.0,0.0,0.0,,,,2.0,61.584980011,1399.0,4631.0,0.0
1,0,1,0.0,,,0.0,8.0,721.0,9270.0,1.0,0,1502178740,1,0.0,0.0,4.16723300971,0,0,0,0,0,0,0.333333333333,0.666666666667,0.0,,,,,176.310394287,2469.0,8197.0,
1,0,1,0.0,,,0.0,1.0,278.0,355.0,0.0,0,1502178740,1,0.05,0.0,3.8,5,0,1,0,1,1,1.0,0.0,0.0,,,,2.0,16.7689228058,117.0,355.0,0.0
1,0,1,1.0,1502146800.0,1502175600.0,4.68,1.0,746.0,5320.0,1.0,0,1502178740,1,0.03,0.0,5.0,1,1,1,0,0,0,1.0,0.0,0.0,,,,2.0,60.7505455017,1391.0,4596.0,0.0
1,0,1,1.0,1502157600.0,1502190000.0,8.68,,,,,0,1502178740,1,0.0,0.0,4.7,5,0,0,0,0,0,0.333333333333,0.666666666667,0.0,,,,,190.325332642,,,
1,0,1,1.0,1502152200.0,1502186400.0,7.68,1.0,3463.0,4369.0,0.0,0,1502178740,1,0.05,0.0,3.7,3,0,1,0,1,0,1.0,0.0,0.0,,,,2.0,60.9236450195,1315.0,4382.0,0.0
1,0,1,1.0,1502150400.0,1502186400.0,7.68,8.0,3477.0,4381.0,0.0,0,1502178740,1,0.0,0.0,5.0,1,0,0,0,0,0,0.0,0.666666666667,0.333333333333,,,,,61.0023994446,1318.0,4394.0,
1,0,1,1.0,1502150400.0,1502186400.0,7.68,8.0,609.0,4740.0,1.0,0,1502178740,1,0.0,0.0,3.6,5,0,0,0,0,0,1.0,0.0,0.0,,,,,61.0602531433,1319.0,4400.0,
1,0,1,1.0,1502150400.0,1502172000.0,3.68,3.0,939.0,1298.0,0.0,0,1502178740,1,0.02,0.5,4.55,17,1,1,1,0,1,0.0,0.5,0.5,0.59,17.1111111111,68.0,0.0,5.7002196312,284.0,1403.0,2.0
1,0,1,1.0,1502154000.0,1502166600.0,2.18,2.0,495.0,645.0,0.0,0,1502178740,1,0.02,0.0,4.55,15,0,1,1,0,1,1.0,0.0,0.0,0.0,7.44444444444,10.0,2.0,2.17897343636,168.0,645.0,0.0
1,0,1,,1502175600.0,1502191800.0,0.0,1.0,623.0,4778.0,1.0,0,1502178740,1,0.04,0.0,3.9,5,0,1,0,0,0,1.0,0.0,0.0,,,,2.0,62.0,1359.0,4632.0,0.0
1,0,1,1.0,1502154000.0,1502186400.0,7.68,1.0,3500.0,4421.0,0.0,0,1502178740,1,0.04,0.0,4.16723300971,0,1,1,0,0,0,0.0,0.666666666667,0.333333333333,,,,2.0,60.2387199402,1321.0,4434.0,0.0
1,0,1,1.0,1502155800.0,1502186400.0,7.68,1.0,3300.0,4135.0,0.0,0,1502178740,1,0.08,0.0,4.7,3,0,1,0,0,0,1.0,0.0,0.0,,,,2.0,66.0124282837,1283.0,4148.0,0.0
1,0,1,1.0,1502141400.0,1502173800.0,4.18,1.0,611.0,4720.0,1.0,0,1502178740,1,0.05,0.0,4.8,5,1,1,0,0,0,1.0,0.0,0.0,,,,2.0,61.6997947693,1349.0,4574.0,0.0
1,0,1,1.0,1502152200.0,1502190000.0,8.68,1.0,3538.0,4473.0,0.0,0,1502178740,1,0.06,0.0,4.4,5,0,1,0,1,0,1.0,0.0,0.0,,,,2.0,61.14686203,1331.0,4486.0,0.0
1,0,1,1.0,1502150400.0,1502186400.0,7.68,1.0,548.0,743.0,0.0,0,1502178740,1,0.04,0.0,3.0,2,0,1,0,1,0,1.0,0.0,0.0,,,,2.0,9.67213058472,180.0,737.0,0.0
1,0,1,1.0,1502146800.0,1502218800.0,16.68,2.0,407.0,557.0,0.0,0,1502178740,1,0.5,0.0,5.0,1,1,1,0,1,1,0.0,0.666666666667,0.333333333333,,,,1.0,14.5657205582,128.0,557.0,3.0
1,0,1,1.0,1502154000.0,1502186400.0,7.68,1.0,2885.0,3785.0,0.0,0,1502178740,1,0.04,0.0,3.9,5,1,1,0,0,0,1.0,0.0,0.0,0.42,26.2222222222,46.4285714286,2.0,28.872341156,908.0,4100.0,0.0
1,0,1,1.0,1502157600.0,1502200800.0,11.68,2.0,693.0,953.0,0.0,0,1502178740,1,0.06,0.0,4.6,5,0,1,0,1,0,1.0,0.0,0.0,,,,2.0,7.28225183487,213.0,1020.0,0.0
1,0,1,,1502179200.0,1502197200.0,0.0,1.0,403.0,577.0,0.0,0,1502178740,1,0.07,0.0,3.8,5,1,1,0,0,0,1.0,0.0,0.0,,,,2.0,9.04106330872,116.0,577.0,0.0
1,0,1,1.0,1502154000.0,1502200800.0,11.68,1.0,541.0,707.0,0.0,0,1502178740,1,0.05,0.0,4.2,15,0,1,1,0,1,1.0,0.0,0.0,0.17,17.1666666667,24.1428571429,2.0,1.39600133896,179.0,707.0,0.0
1,0,1,1.0,1502157600.0,1502186400.0,7.68,1.0,2893.0,3799.0,0.0,0,1502178740,1,0.05,0.0,3.4,5,0,1,0,0,0,1.0,0.0,0.0,,,,2.0,29.1847419739,847.0,3862.0,0.0
1,0,1,1.0,1502137800.0,1502186400.0,7.68,1.0,225.0,315.0,0.0,0,1502178740,1,0.05,0.0,4.0,5,1,1,0,0,0,1.0,0.0,0.0,,,,2.0,13.4389438629,48.0,315.0,0.0
1,0,1,1.0,1502139600.0,1502197200.0,10.68,8.0,535.0,695.0,0.0,0,1502178740,1,0.03,0.0,4.25,10,1,1,1,1,1,0.25,0.5,0.25,,,,2.0,1.63440668583,186.0,745.0,0.0
1,0,1,1.0,1502146800.0,1502175600.0,4.68,1.0,808.0,1107.0,0.0,0,1502178740,1,0.05,0.0,4.7,5,0,1,1,0,1,0.0,0.666666666667,0.333333333333,,,,2.0,5.75137996674,247.0,1182.0,0.0
1,0,1,1.0,1502146800.0,1502177400.0,5.18,1.0,890.0,1211.0,0.0,0,1502178740,1,0.04,0.0,5.0,3,1,1,0,0,0,0.0,0.666666666667,0.333333333333,,,,2.0,5.07737159729,259.0,1259.0,0.0
1,0,1,0.0,,,0.0,1.0,1626.0,2191.0,0.0,0,1502178740,1,0.06,0.0,4.2,5,1,1,0,1,0,1.0,0.0,0.0,,,,2.0,7.25087594986,448.0,2241.0,0.0
1,0,1,1.0,1502150400.0,1502172000.0,3.67,2.0,2775.0,51134.0,1.0,0,1502178740,1,0.09,0.0,3.8,5,1,1,0,1,0,0.333333333333,0.666666666667,0.0,0.71,23.2222222222,72.2857142857,2.0,95.3094329834,12818.0,50954.0,0.0
1,0,1,1.0,1502145000.0,1502181000.0,6.17,1.0,838.0,1031.0,0.0,0,1502178740,1,0.03,0.0,4.16723300971,0,0,1,0,1,0,1.0,0.0,0.0,,,,2.0,27.1978473663,393.0,1107.0,0.0
1,0,1,0.0,,,0.0,1.0,959.0,1323.0,0.0,0,1502178740,1,0.06,0.0,4.3,3,0,1,1,1,1,0.0,1.0,0.0,,,,2.0,6.99664306641,288.0,1423.0,2.0
1,0,1,0.0,,,0.0,8.0,610.0,762.0,0.0,0,1502178740,1,0.03,0.0,3.5,5,1,1,1,0,1,0.25,0.5,0.25,,,,0.0,25.8389873505,274.0,762.0,0.0
1,0,1,,1502179200.0,1502193600.0,0.0,1.0,499.0,660.0,0.0,0,1502178740,1,0.05,0.0,4.65,15,0,1,1,0,1,1.0,0.0,0.0,,,,2.0,16.525384903,185.0,660.0,0.0
1,0,1,0.0,,,0.0,8.0,780.0,1068.0,0.0,0,1502178740,1,0.04,0.0,3.65,10,0,1,0,1,0,0.25,0.5,0.25,,,,0.0,5.96747398376,238.0,1116.0,0.0
1,0,1,0.0,,,0.0,1.0,931.0,1279.0,0.0,0,1502178740,1,0.06,0.0,5.0,1,0,1,1,1,1,0.0,1.0,0.0,,,,2.0,7.0574221611,285.0,1380.0,2.0
1,0,1,1.0,1502139600.0,1502193600.0,9.67,1.0,2945.0,3867.0,0.0,0,1502178740,1,0.03,0.0,3.0,5,1,1,0,1,1,1.0,0.0,0.0,0.77,42.6111111111,79.5714285714,2.0,29.0937919617,879.0,3929.0,0.0
1,0,1,0.0,,,0.0,,842.0,1163.0,0.0,0,1502178740,1,0.0,0.0,4.16723300971,0,0,0,0,0,0,0.0,1.0,0.0,,,,,5.72541046143,261.0,1264.0,
1,0,1,1.0,1502245177.0,1502072377.0,86400.0,8.0,475.0,676.0,0.0,0,1502178740,1,0.05,0.0,4.35,10,0,1,1,0,1,0.25,0.5,0.25,,,,2.0,7.16030693054,142.0,676.0,0.0
1,0,1,1.0,1502142300.0,1502186400.0,7.67,1.0,1442.0,1949.0,0.0,0,1502178740,1,0.04,0.0,4.16723300971,0,0,1,0,0,0,0.0,0.5,0.5,,,,2.0,4.98451423645,403.0,1999.0,0.0
1,0,1,1.0,1502150400.0,1502175600.0,4.67,1.0,1802.0,30102.0,1.0,0,1502178740,1,0.0,0.8,4.7,5,0,1,0,1,0,1.0,0.0,0.0,,,,0.0,181.202102661,7171.0,28581.0,0.0
1,0,1,1.0,1502146800.0,1502175600.0,4.67,2.0,1416.0,20829.0,1.0,0,1502178740,1,0.7,1.0,4.5,5,0,1,0,1,0,0.0,0.666666666667,0.333333333333,,,,0.0,349.313873291,5733.0,20230.0,0.0
1,0,1,0.0,,,0.0,2.0,2165.0,38023.0,1.0,0,1502178740,1,0.0,0.9,4.5,2,1,1,1,1,0,0.333333333333,0.666666666667,0.0,,,,0.0,205.117095947,10123.0,37844.0,0.0
1,0,1,0.0,,,0.0,8.0,2199.0,37145.0,1.0,0,1502178740,1,0.0,0.0,5.0,2,0,0,0,0,0,0.0,1.0,0.0,,,,,309.216644287,9594.0,36232.0,
1,0,1,1.0,1502146800.0,1502168400.0,2.67,1.0,406.0,527.0,0.0,0,1502178740,1,0.02,0.0,4.6,15,1,1,1,0,1,1.0,0.0,0.0,0.31,16.8333333333,39.7142857143,2.0,18.5412063599,204.0,527.0,0.0
1,0,1,0.0,,,0.0,2.0,1687.0,30338.0,1.0,0,1502178740,1,1.0,0.88,4.7,5,0,1,0,0,0,0.0,1.0,0.0,,,,1.0,170.132217407,6367.0,30440.0,0.0
1,0,1,0.0,,,0.0,8.0,,,,0,1502178740,1,0.0,0.0,4.16723300971,0,0,0,0,0,0,,,,,,,,4.86160993576,,,
1,0,1,0.0,,,0.0,8.0,,,,0,1502178740,1,0.0,0.0,4.16723300971,0,0,0,0,0,0,,,,,,,,120.533081055,,,
1,0,1,1.0,1502150400.0,1502175600.0,4.67,2.0,1262.0,20962.0,1.0,0,1502178740,1,0.5,0.86,4.6,5,0,1,0,1,0,0.25,0.75,0.0,,,,0.0,165.206054688,4682.0,20873.0,0.0
1,0,1,1.0,1502150400.0,1502172000.0,3.67,1.0,1667.0,27060.0,1.0,0,1502178740,1,0.03,0.0,4.35,15,0,1,0,1,0,0.0,1.0,0.0,,,,2.0,166.548141479,5749.0,26971.0,2.0
1,0,1,0.0,,,0.0,1.0,1161.0,19211.0,1.0,0,1502178740,1,0.07,0.0,5.0,2,0,1,0,0,0,0.0,1.0,0.0,,,,2.0,173.225128174,4388.0,19122.0,0.0
1,0,1,1.0,1502148600.0,1502173800.0,4.17,1.0,1212.0,19419.0,1.0,0,1502178740,1,0.05,0.0,5.0,2,0,1,0,1,0,0.0,1.0,0.0,,,,2.0,173.169769287,4400.0,19203.0,0.0
1,0,1,1.0,1502143200.0,1502172000.0,3.67,8.0,1176.0,19301.0,1.0,0,1502178740,1,0.04,0.0,1.0,1,1,1,0,1,0,0.25,0.5,0.25,,,,0.0,173.225509644,4403.0,19212.0,0.0
1,0,1,0.0,,,0.0,,1186.0,19360.0,1.0,0,1502178740,1,0.04,0.0,3.8,5,0,1,0,1,0,0.25,0.5,0.25,,,,2.0,173.927139282,4413.0,19271.0,0.0
1,0,1,1.0,1502141400.0,1502179200.0,5.67,1.0,1194.0,19413.0,1.0,0,1502178740,1,0.04,0.0,3.8,4,0,1,0,1,1,0.0,1.0,0.0,,,,2.0,173.613586426,4423.0,19324.0,0.0
1,0,1,1.0,1502157600.0,1502166600.0,2.17,1.0,507.0,659.0,0.0,0,1502178740,1,0.06,0.0,4.15,15,0,1,1,0,1,1.0,0.0,0.0,,,,2.0,9.31260585785,241.0,650.0,0.0
1,0,1,1.0,1502146800.0,1502197200.0,10.67,8.0,1184.0,19311.0,1.0,0,1502178740,1,0.0,0.0,4.16723300971,0,0,0,0,0,0,0.0,1.0,0.0,,,,,173.829528809,4423.0,19222.0,
1,0,1,1.0,1502150400.0,1502172000.0,3.67,1.0,1128.0,18861.0,1.0,0,1502178740,1,0.04,0.0,5.0,4,0,1,0,1,0,0.0,1.0,0.0,,,,2.0,174.635421753,4329.0,18772.0,2.0
1,0,1,0.0,,,0.0,1.0,1178.0,19303.0,1.0,0,1502178740,1,0.05,0.0,4.0,5,0,1,0,0,0,0.0,1.0,0.0,,,,2.0,173.340118408,4403.0,19214.0,0.0
1,0,1,1.0,1502152200.0,1502186400.0,7.67,8.0,1164.0,19226.0,1.0,0,1502178740,1,0.06,0.0,4.6,5,0,1,0,0,0,0.25,0.5,0.25,,,,2.0,173.178115845,4390.0,19137.0,0.0
1,0,1,0.0,,,0.0,8.0,1200.0,19345.0,1.0,0,1502178740,1,0.0,0.0,4.16723300971,0,0,0,0,0,0,,,,,,,,174.177566528,4417.0,19294.0,
1,0,1,1.0,1502145000.0,1502172000.0,3.67,1.0,1171.0,19263.0,1.0,0,1502178740,1,0.04,0.0,4.2,5,0,1,0,1,0,1.0,0.0,0.0,,,,2.0,173.131362915,4396.0,19174.0,0.0
1,0,1,0.0,,,0.0,2.0,1281.0,20018.0,1.0,0,1502178740,1,0.0,0.89,4.5,2,1,1,0,1,0,0.0,0.666666666667,0.333333333333,,,,0.0,388.547302246,5589.0,19419.0,3.0
1,0,1,0.0,,,0.0,8.0,,,,0,1502178740,1,0.0,0.0,4.16723300971,0,0,0,0,0,0,0.0,1.0,0.0,,,,,18.0,,,
1,0,1,0.0,,,0.0,,933.0,9208.0,1.0,0,1502178740,1,0.0,0.0,4.16723300971,0,0,0,0,0,0,,,,,,,,67.2634887695,2294.0,8604.0,
1,0,1,1.0,1502143200.0,1502168400.0,2.67,1.0,333.0,444.0,0.0,0,1502178740,1,0.05,0.0,4.7,15,0,1,1,0,1,1.0,0.0,0.0,,,,2.0,15.1069526672,79.0,475.0,0.0
1,0,1,1.0,1502146800.0,1502175600.0,4.67,1.0,1574.0,27066.0,1.0,0,1502178740,1,0.07,0.0,4.16723300971,0,0,1,0,0,0,1.0,0.0,0.0,,,,2.0,161.177520752,6884.0,26886.0,0.0
1,0,1,0.0,,,0.0,1.0,1054.0,1346.0,0.0,0,1502178740,1,0.04,0.0,4.16723300971,0,0,1,0,0,1,0.0,1.0,0.0,,,,2.0,13.2106494904,455.0,1437.0,2.0
1,0,1,1.0,1502143200.0,1502175600.0,4.67,8.0,,,,0,1502178740,1,0.0,0.0,3.5,2,0,0,0,0,0,0.0,1.0,0.0,,,,,240.357192993,,,
1,0,1,0.0,,,0.0,2.0,1716.0,29380.0,1.0,0,1502178740,1,0.8,0.98,4.2,5,1,1,0,1,0,0.0,1.0,0.0,,,,0.0,168.586639404,7393.0,29201.0,1.0
1,0,1,1.0,1502245196.0,1502072396.0,86400.0,8.0,1568.0,27562.0,1.0,0,1502178740,1,0.5,0.0,4.7,5,1,1,0,1,1,0.25,0.5,0.25,,,,0.0,221.950622559,7204.0,27383.0,0.0
1,0,1,0.0,,,0.0,,3772.0,62805.0,1.0,0,1502178740,1,0.0,0.0,4.16723300971,0,0,0,0,0,0,,,,,,,,185.847427368,16489.0,61392.0,
1,0,1,1.0,1502154000.0,1502175600.0,4.67,1.0,2342.0,40213.0,1.0,0,1502178740,1,0.5,0.99,5.0,2,0,1,0,1,0,0.333333333333,0.666666666667,0.0,,,,0.0,147.90675354,10502.0,40033.0,0.0
1,0,1,0.0,,,0.0,8.0,2809.0,52431.0,1.0,0,1502178740,1,0.0,0.0,4.16723300971,0,0,0,0,0,0,,,,,,,,123.951126099,13360.0,51899.0,
1,0,1,0.0,,,0.0,1.0,405.0,526.0,0.0,0,1502178740,1,0.06,0.0,4.55,15,0,1,1,0,1,1.0,0.0,0.0,,,,2.0,18.5853328705,204.0,526.0,0.0
1,0,1,0.0,,,0.0,1.0,2691.0,46371.0,1.0,0,1502178740,1,0.5,1.0,4.7,5,1,1,0,1,0,0.0,1.0,0.0,,,,0.0,562.812927246,12101.0,44959.0,2.0
1,0,1,0.0,,,0.0,8.0,3616.0,61248.0,1.0,0,1502178740,1,0.04,0.0,5.0,1,1,1,0,1,0,0.25,0.5,0.25,,,,0.0,204.887908936,16242.0,59835.0,0.0
1,0,1,0.0,,,0.0,1.0,3582.0,61585.0,1.0,0,1502178740,1,0.03,0.0,5.0,1,1,1,0,1,1,0.0,1.0,0.0,,,,2.0,207.681213379,16263.0,60173.0,2.0
1,0,1,0.0,,,0.0,,,,,0,1502178740,1,0.0,0.0,4.8,5,0,0,0,0,0,0.333333333333,0.666666666667,0.0,,,,,137.609619141,,,
1,0,1,1.0,1502245201.0,1502072401.0,86400.0,7.0,3639.0,68547.0,1.0,0,1502178740,1,0.9,1.0,4.2,5,1,1,0,1,0,0.0,0.75,0.25,0.67,63.5555555556,68.3333333333,0.0,155.304824829,16641.0,62117.0,1.0
1,0,1,1.0,1502146800.0,1502179200.0,5.67,1.0,607.0,6503.0,1.0,0,1502178740,1,0.03,0.0,5.0,3,0,1,1,1,0,0.0,1.0,0.0,,,,2.0,20.351272583,1454.0,5982.0,0.0
1,0,1,0.0,,,0.0,8.0,3602.0,67858.0,1.0,0,1502178740,1,0.03,0.0,5.0,2,1,1,0,1,0,0.25,0.5,0.25,,,,0.0,202.076675415,16449.0,61206.0,0.0
1,0,1,0.0,,,0.0,1.0,3511.0,66611.0,1.0,0,1502178740,1,0.04,0.0,4.8,4,0,1,0,0,0,1.0,0.0,0.0,,,,2.0,203.919342041,16427.0,61142.0,0.0
1,0,1,1.0,1502143200.0,1502182800.0,6.67,1.0,3572.0,67690.0,1.0,0,1502178740,1,0.06,0.0,4.2,4,0,1,0,0,1,0.0,1.0,0.0,0.45,26.2222222222,58.1428571429,2.0,197.27545166,16490.0,61375.0,0.0
1,0,1,1.0,1502137800.0,1502186400.0,7.67,1.0,3537.0,66768.0,1.0,0,1502178740,1,0.07,0.0,4.8,5,0,1,0,0,0,1.0,0.0,0.0,,,,2.0,206.737380981,16407.0,60984.0,0.0
1,0,1,1.0,1502155800.0,1502166600.0,2.17,1.0,800.0,1094.0,0.0,0,1502178740,1,0.04,0.0,4.4,5,0,1,1,0,1,1.0,0.0,0.0,,,,2.0,5.29755401611,239.0,1142.0,0.0
1,0,1,1.0,1502150400.0,1502172000.0,3.66,1.0,3656.0,62312.0,1.0,0,1502178740,1,0.07,0.0,4.5,5,1,1,0,1,1,0.25,0.75,0.0,0.29,8.33333333333,40.4285714286,2.0,204.987609863,16392.0,60899.0,2.0
1,0,1,1.0,1502139600.0,1502186400.0,7.66,1.0,3480.0,66861.0,1.0,0,1502178740,1,0.06,0.0,3.0,2,0,1,0,0,0,0.333333333333,0.666666666667,0.0,,,,2.0,196.85105896,16617.0,62144.0,0.0
1,0,1,1.0,1502136000.0,1502175600.0,4.66,1.0,3532.0,66736.0,1.0,0,1502178740,1,0.04,0.0,4.5,5,0,1,0,1,0,1.0,0.0,0.0,,,,2.0,206.120162964,16411.0,61016.0,0.0
1,0,1,1.0,1502146800.0,1502172000.0,3.66,8.0,,,,0,1502178740,1,0.0,0.0,4.8,5,0,0,0,0,0,0.2,0.6,0.2,,,,,84.7113647461,,,
1,0,1,0.0,,,0.0,8.0,3664.0,62447.0,1.0,0,1502178740,1,0.0,0.0,5.0,1,0,0,0,0,0,0.333333333333,0.666666666667,0.0,,,,,208.572601318,16421.0,61034.0,
1,0,1,0.0,,,0.0,8.0,4150.0,66731.0,1.0,0,1502178740,1,0.0,0.0,4.16723300971,0,0,0,0,0,0,,,,,,,,230.222518921,16982.0,61578.0,
1,0,1,0.0,,,0.0,8.0,873.0,1069.0,0.0,0,1502178740,1,0.04,0.0,3.9,5,0,1,0,0,1,0.333333333333,0.666666666667,0.0,,,,2.0,28.7521896362,407.0,1146.0,0.0
1,0,1,0.0,,,0.0,1.0,2650.0,3650.0,0.0,0,1502178740,1,0.8,0.9,5.0,2,1,1,0,1,0,0.0,0.666666666667,0.333333333333,,,,2.0,11.6459417343,726.0,3698.0,0.0
1,0,1,1.0,1502154000.0,1502164800.0,1.66,1.0,320.0,424.0,0.0,0,1502178740,1,0.04,0.0,3.8,5,0,1,1,0,1,1.0,0.0,0.0,,,,2.0,15.2839632034,83.0,494.0,0.0
1,0,1,0.0,,,0.0,1.0,462.0,569.0,0.0,0,1502178740,1,0.04,0.0,4.16723300971,0,0,1,0,0,0,0.0,1.0,0.0,,,,2.0,18.4742774963,223.0,569.0,0.0
1,0,1,0.0,,,0.0,1.0,3140.0,4130.0,0.0,0,1502178740,1,0.8,0.85,4.2,4,0,1,0,0,0,0.0,1.0,0.0,,,,1.0,29.908870697,949.0,4347.0,0.0
1,0,1,0.0,,,0.0,1.0,1813.0,2150.0,0.0,0,1502178740,1,0.05,0.0,4.16723300971,0,0,1,0,1,0,0.0,0.666666666667,0.333333333333,,,,2.0,77.1008224487,755.0,2143.0,0.0
1,0,1,1.0,1502150400.0,1502175600.0,4.66,1.0,378.0,501.0,0.0,0,1502178740,1,0.06,0.0,5.0,1,0,1,0,0,0,0.0,1.0,0.0,,,,2.0,11.9690599442,199.0,501.0,0.0
1,0,1,0.0,,,0.0,1.0,476.0,656.0,0.0,0,1502178740,1,0.04,0.0,5.0,2,0,1,0,1,1,0.0,1.0,0.0,,,,2.0,9.69533157349,131.0,656.0,2.0
1,0,1,1.0,1502150400.0,1502181000.0,6.16,2.0,494.0,650.0,0.0,0,1502178740,1,0.05,0.0,5.0,5,0,1,0,0,0,0.0,0.0,1.0,,,,0.0,16.0140686035,188.0,678.0,0.0
1,0,1,1.0,1502146800.0,1502177400.0,5.16,1.0,270.0,379.0,0.0,0,1502178740,1,0.08,0.0,4.16723300971,0,0,1,0,0,0,0.0,1.0,0.0,,,,0.0,13.4495401382,69.0,439.0,0.0
1,0,1,0.0,,,0.0,2.0,518.0,718.0,0.0,0,1502178740,1,0.72,0.91,4.16723300971,0,0,1,0,1,0,0.0,0.0,1.0,,,,0.0,9.17698860168,216.0,771.0,2.0
1,0,1,1.0,1502148600.0,1502175600.0,4.66,1.0,311.0,407.0,0.0,0,1502178740,1,0.07,0.0,5.0,2,0,1,0,0,0,0.0,0.666666666667,0.333333333333,,,,2.0,15.5043992996,121.0,407.0,0.0
1,0,1,0.0,,,0.0,2.0,719.0,6610.0,1.0,0,1502178740,1,0.8,0.9,4.4,5,1,1,1,1,0,0.0,1.0,0.0,,,,2.0,9.44186687469,1453.0,5621.0,0.0
1,0,1,1.0,1502155800.0,1502166600.0,2.16,1.0,545.0,758.0,0.0,0,1502178740,1,0.03,0.0,3.9,5,0,1,1,0,1,1.0,0.0,0.0,,,,2.0,3.95450019836,225.0,898.0,0.0
1,0,1,1.0,1502146800.0,1502175600.0,4.66,1.0,371.0,492.0,0.0,0,1502178740,1,0.06,0.0,4.2,5,0,1,0,0,0,0.0,0.666666666667,0.333333333333,,,,2.0,11.7520627975,197.0,492.0,0.0
1,0,1,0.0,,,0.0,1.0,384.0,539.0,0.0,0,1502178740,1,0.07,0.0,4.4,5,0,1,1,0,1,1.0,0.0,0.0,,,,2.0,10.6570472717,109.0,539.0,0.0
1,0,1,0.0,,,0.0,8.0,611.0,742.0,0.0,0,1502178740,1,0.02,0.0,4.3,10,1,1,1,1,1,0.25,0.5,0.25,,,,0.0,28.0281162262,289.0,742.0,0.0
1,0,1,1.0,1502146800.0,1502179200.0,5.66,1.0,300.0,414.0,0.0,0,1502178740,1,0.05,0.0,4.16723300971,0,0,1,1,0,1,0.0,0.0,1.0,,,,0.0,14.6994190216,68.0,414.0,0.0
1,0,1,1.0,1502139600.0,1502175600.0,4.66,1.0,678.0,5262.0,1.0,0,1502178740,1,0.8,0.89,4.4,5,1,1,0,1,0,0.0,1.0,0.0,,,,0.0,28.1520786285,1469.0,5973.0,1.0
1,0,1,1.0,1502146800.0,1502177400.0,5.16,1.0,326.0,440.0,0.0,0,1502178740,1,0.06,0.0,5.0,1,0,1,0,0,1,0.0,0.0,1.0,,,,2.0,16.5263500214,100.0,441.0,0.0
1,0,1,1.0,1502146800.0,1502172000.0,3.66,1.0,2715.0,3574.0,0.0,0,1502178740,1,0.04,0.0,4.16723300971,0,0,1,0,0,1,0.0,1.0,0.0,,,,2.0,25.8289432526,874.0,4085.0,2.0
1,0,1,1.0,1502150400.0,1502175600.0,4.66,8.0,281.0,373.0,0.0,0,1502178740,1,0.0,0.0,5.0,5,0,0,0,0,0,0.0,0.666666666667,0.333333333333,,,,,16.0604877472,88.0,373.0,
1,0,1,1.0,1502146800.0,1502175600.0,4.66,1.0,606.0,783.0,0.0,0,1502178740,1,0.07,0.0,4.0,1,0,1,0,0,0,0.0,1.0,0.0,,,,2.0,11.2126579285,251.0,778.0,0.0
1,0,1,1.0,1502150400.0,1502172000.0,3.66,1.0,572.0,794.0,0.0,0,1502178740,1,0.04,0.5,4.25,15,1,1,0,0,1,0.0,1.0,0.0,0.5,13.1111111111,48.5714285714,0.0,9.28597640991,174.0,794.0,2.0
1,0,1,1.0,1502152200.0,1502179200.0,5.66,1.0,553.0,693.0,0.0,0,1502178740,1,0.06,0.0,4.5,5,0,1,1,0,1,1.0,0.0,0.0,0.0,7.16666666667,10.5714285714,2.0,17.6655235291,281.0,693.0,0.0
1,0,1,0.0,,,0.0,8.0,569.0,712.0,0.0,0,1502178740,1,0.0,0.0,4.16723300971,0,0,0,0,0,0,,,,,,,,25.2943515778,313.0,860.0,
1,0,1,1.0,1502150400.0,1502222400.0,17.66,1.0,648.0,7715.0,1.0,0,1502178740,1,0.06,0.0,4.16723300971,0,0,1,0,0,0,0.0,1.0,0.0,,,,2.0,75.7989273071,1612.0,5681.0,0.0
1,0,1,0.0,,,0.0,1.0,1263.0,16769.0,1.0,0,1502178740,1,0.81,0.98,1.0,1,0,1,0,1,1,0.333333333333,0.666666666667,0.0,,,,0.0,35.9380187988,3598.0,16247.0,0.0
1,0,1,1.0,1502146800.0,1502177400.0,5.16,1.0,214.0,290.0,0.0,0,1502178740,1,0.07,0.0,5.0,1,0,1,0,0,0,1.0,0.0,0.0,,,,2.0,13.5108184814,98.0,290.0,0.0
1,0,1,1.0,1502150400.0,1502175600.0,4.66,2.0,1354.0,26318.0,1.0,0,1502178740,1,0.69,0.84,4.16723300971,0,0,1,0,1,0,0.333333333333,0.666666666667,0.0,,,,0.0,39.8691177368,5352.0,25019.0,0.0
1,0,1,0.0,,,0.0,8.0,1808.0,32657.0,1.0,0,1502178740,1,0.61,0.9,4.6,5,0,0,0,0,0,0.2,0.6,0.2,,,,0.0,395.698242188,7967.0,32186.0,0.0
1,0,1,0.0,,,0.0,2.0,631.0,4992.0,1.0,0,1502178740,1,0.71,0.9,3.4,5,0,1,0,0,0,0.0,0.666666666667,0.333333333333,,,,0.0,23.2839641571,1030.0,4856.0,0.0
1,0,1,1.0,1502139600.0,1502164800.0,1.66,1.0,821.0,1007.0,0.0,0,1502178740,1,0.03,0.0,4.5,15,1,1,1,0,1,1.0,0.0,0.0,0.32,15.2777777778,39.1428571429,2.0,26.1093082428,407.0,1083.0,0.0
1,0,1,1.0,1502150400.0,1502175600.0,4.66,1.0,336.0,446.0,0.0,0,1502178740,1,0.06,0.0,4.16723300971,0,0,0,0,0,1,0.0,0.666666666667,0.333333333333,,,,2.0,12.63971138,175.0,446.0,0.0
1,0,1,1.0,1502150400.0,1502175600.0,4.66,1.0,184.0,245.0,0.0,0,1502178740,1,0.05,0.0,4.16723300971,0,0,1,1,0,1,0.0,0.0,1.0,,,,0.0,14.3423604965,93.0,245.0,0.0
1,0,1,0.0,,,0.0,8.0,,,,0,1502178740,1,0.0,0.0,4.16723300971,0,0,0,0,0,0,0.0,1.0,0.0,,,,,419.946014404,,,
1,0,1,0.0,,,0.0,2.0,510.0,637.0,0.0,0,1502178740,1,0.04,0.0,4.5,2,0,1,0,1,0,0.0,0.0,1.0,,,,2.0,16.8775348663,254.0,701.0,0.0
1,0,1,1.0,1502139600.0,1502193600.0,9.66,2.0,883.0,11649.0,1.0,0,1502178740,1,0.74,0.7,5.0,3,0,1,0,0,0,0.0,0.0,1.0,,,,2.0,12.0,2379.0,11127.0,0.0
1,0,1,1.0,1502154000.0,1502168400.0,2.66,1.0,620.0,4759.0,1.0,0,1502178740,1,0.07,0.0,5.0,1,0,1,0,1,0,0.0,1.0,0.0,,,,2.0,62.1486320496,1356.0,4613.0,0.0
1,0,1,1.0,1502146800.0,1502177400.0,5.16,1.0,189.0,254.0,0.0,0,1502178740,1,0.05,0.0,5.0,3,0,1,1,1,1,0.0,0.0,1.0,,,,0.0,14.1034030914,94.0,254.0,0.0
1,0,1,1.0,1502146800.0,1502173800.0,4.16,1.0,2019.0,2160.0,0.0,0,1502178740,1,0.66,0.94,4.4,5,1,1,0,1,0,0.0,1.0,0.0,0.56,25.5,76.4285714286,0.0,45.8523635864,871.0,2313.0,0.0
1,0,1,1.0,1502152200.0,1502193600.0,9.66,8.0,511.0,666.0,0.0,0,1502178740,1,0.0,0.0,4.1,15,0,0,0,0,0,1.0,0.0,0.0,0.36,15.9444444444,45.0,,2.4269554615,172.0,666.0,
1,0,1,1.0,1502146800.0,1502175600.0,4.65,2.0,780.0,5579.0,1.0,0,1502178740,1,0.9,0.85,3.5,4,0,1,0,0,0,0.0,0.0,1.0,0.0,11.5,6.57142857143,0.0,71.9148864746,1556.0,5447.0,0.0
1,0,1,1.0,1502148600.0,1502177400.0,5.15,1.0,307.0,408.0,0.0,0,1502178740,1,0.08,0.0,4.16723300971,0,0,1,0,1,0,0.0,0.666666666667,0.333333333333,,,,2.0,14.4492511749,74.0,447.0,0.0
1,0,1,1.0,1502150400.0,1502164800.0,1.65,,449.0,593.0,0.0,0,1502178740,1,0.0,0.0,3.8,4,0,0,0,0,0,0.0,0.0,1.0,,,,,18.5205745697,173.0,593.0,
1,0,1,0.0,,,0.0,,857.0,7219.0,1.0,0,1502178740,1,0.0,0.0,4.16723300971,0,0,0,0,0,0,,,,,,,,163.748001099,2205.0,6893.0,
1,0,1,1.0,1502150400.0,1502175600.0,4.65,1.0,290.0,396.0,0.0,0,1502178740,1,0.04,0.0,4.16723300971,0,0,1,1,1,1,0.0,0.666666666667,0.333333333333,,,,2.0,15.5330533981,88.0,519.0,0.0
1,0,1,1.0,1502150400.0,1502175600.0,4.65,1.0,1051.0,12166.0,1.0,0,1502178740,1,0.7,0.9,4.3,5,0,1,1,1,1,0.75,0.25,0.0,0.23,7.11111111111,39.2857142857,0.0,89.6663360596,2706.0,11053.0,0.0
1,0,1,1.0,1502152200.0,1502175600.0,4.65,2.0,432.0,599.0,0.0,0,1502178740,1,0.5,0.57,3.9,5,0,1,0,1,0,0.5,0.5,0.0,0.64,24.1666666667,81.5714285714,0.0,8.62964916229,118.0,599.0,0.0
1,0,1,1.0,1502150400.0,1502172000.0,3.65,1.0,386.0,513.0,0.0,0,1502178740,1,0.04,0.0,4.9,5,0,1,0,1,1,0.0,0.666666666667,0.333333333333,0.63,16.8888888889,65.7142857143,2.0,11.3416614532,200.0,513.0,0.0
1,0,1,1.0,1502150400.0,1502175600.0,4.65,8.0,350.0,456.0,0.0,0,1502178740,1,0.0,0.0,5.0,1,0,0,0,0,0,0.0,0.666666666667,0.333333333333,,,,,16.003900528,97.0,433.0,
1,0,1,,1502175600.0,1502191800.0,0.0,1.0,445.0,562.0,0.0,0,1502178740,1,0.04,0.0,4.3,15,0,1,1,0,1,1.0,0.0,0.0,0.0,16.8888888889,0.0,2.0,13.7358865738,243.0,562.0,0.0
1,0,1,1.0,1502146800.0,1502175600.0,4.65,2.0,432.0,567.0,0.0,0,1502178740,1,0.09,0.0,4.5,2,0,1,1,1,0,0.0,0.0,1.0,,,,0.0,9.4660320282,178.0,562.0,0.0
1,0,1,1.0,1502145000.0,1502179200.0,5.65,1.0,181.0,247.0,0.0,0,1502178740,1,0.1,0.0,5.0,2,0,1,1,1,0,0.0,0.0,1.0,,,,0.0,16.637752533,67.0,247.0,0.0
1,0,1,0.0,,,0.0,1.0,337.0,436.0,0.0,0,1502178740,1,0.07,0.0,4.16723300971,0,0,1,1,1,1,0.0,0.0,1.0,,,,2.0,15.7520294189,132.0,436.0,0.0
1,0,1,1.0,1502145000.0,1502175600.0,4.65,1.0,623.0,5601.0,1.0,0,1502178740,1,0.7,0.8,4.16723300971,0,1,1,0,1,0,0.0,0.75,0.25,,,,2.0,8.14155673981,660.0,3326.0,3.0
1,0,1,0.0,,,0.0,1.0,1431.0,22658.0,1.0,0,1502178740,1,0.0,0.6,4.16723300971,0,0,1,0,1,0,0.0,1.0,0.0,,,,2.0,385.545379639,5793.0,22187.0,0.0
1,0,1,1.0,1502137800.0,1502184600.0,7.15,1.0,318.0,423.0,0.0,0,1502178740,1,0.08,0.0,4.16723300971,0,0,1,0,1,0,0.0,0.0,1.0,,,,2.0,14.5564050674,72.0,437.0,0.0
1,0,1,0.0,,,0.0,1.0,367.0,520.0,0.0,0,1502178740,1,0.5,0.6,4.6,5,0,0,0,0,0,0.0,0.666666666667,0.333333333333,,,,2.0,9.62609863281,76.0,520.0,3.0
1,0,1,1.0,1502146800.0,1502176500.0,4.9,1.0,381.0,492.0,0.0,0,1502178740,1,0.1,0.0,4.0,1,0,1,0,1,1,0.0,0.666666666667,0.333333333333,,,,2.0,17.1847248077,144.0,492.0,0.0
1,0,1,0.0,,,0.0,1.0,494.0,623.0,0.0,0,1502178740,1,0.04,0.0,4.16723300971,0,0,1,1,1,1,0.0,0.666666666667,0.333333333333,,,,2.0,14.5568342209,287.0,757.0,0.0
1,0,1,0.0,,,0.0,1.0,308.0,407.0,0.0,0,1502178740,1,0.02,0.0,4.45,15,1,1,1,0,1,1.0,0.0,0.0,,,,2.0,15.5744752884,87.0,512.0,0.0
1,0,1,0.0,,,0.0,1.0,245.0,337.0,0.0,0,1502178740,1,0.07,0.0,4.16723300971,0,0,1,0,1,1,0.0,1.0,0.0,,,,2.0,14.5657596588,55.0,337.0,0.0
1,0,1,1.0,1502148600.0,1502177400.0,5.15,1.0,310.0,401.0,0.0,0,1502178740,1,0.07,0.0,4.16723300971,0,0,1,1,1,1,0.0,0.666666666667,0.333333333333,,,,2.0,15.1059379578,124.0,401.0,0.0
1,0,1,0.0,,,0.0,1.0,556.0,711.0,0.0,0,1502178740,1,0.07,0.0,4.16723300971,0,0,1,1,1,1,0.0,0.0,1.0,,,,2.0,20.3011550903,256.0,711.0,0.0
1,0,1,0.0,,,0.0,1.0,1267.0,19817.0,1.0,0,1502178740,1,0.0,0.8,4.1,5,0,0,0,0,0,0.0,1.0,0.0,,,,2.0,175.889328003,4515.0,19728.0,1.0
1,0,1,1.0,1502146800.0,1502177400.0,5.15,1.0,405.0,526.0,0.0,0,1502178740,1,0.07,0.0,4.16723300971,0,0,1,1,1,1,0.0,0.666666666667,0.333333333333,,,,2.0,18.4985351562,204.0,526.0,0.0
1,0,1,1.0,1502150400.0,1502172000.0,3.65,1.0,171.0,226.0,0.0,0,1502178740,1,0.07,0.0,4.16723300971,0,0,1,1,1,1,0.0,0.666666666667,0.333333333333,,,,2.0,14.7996873856,91.0,226.0,0.0
1,0,1,1.0,1502154000.0,1502168400.0,2.65,1.0,298.0,400.0,0.0,0,1502178740,1,0.08,0.0,5.0,1,0,1,1,1,1,0.0,0.666666666667,0.333333333333,,,,2.0,12.5468673706,132.0,577.0,0.0
1,0,1,1.0,1502150400.0,1502177400.0,5.15,1.0,945.0,1143.0,0.0,0,1502178740,1,0.04,0.0,4.0,12,0,1,1,1,0,0.0,1.0,0.0,,,,2.0,33.1180725098,440.0,1211.0,0.0
1,0,1,1.0,1502146800.0,1502175600.0,4.65,1.0,726.0,4946.0,1.0,0,1502178740,1,0.58,0.85,4.4,5,1,1,0,1,0,0.0,1.0,0.0,0.44,14.9444444444,61.4285714286,2.0,75.6041183472,2008.0,4860.0,1.0
1,0,1,1.0,1502154000.0,1502193600.0,9.65,1.0,383.0,479.0,0.0,0,1502178740,1,0.01,0.0,4.05,15,0,1,1,0,1,1.0,0.0,0.0,0.37,17.5,44.2857142857,2.0,15.1388845444,191.0,479.0,0.0
1,0,1,1.0,1502245263.0,1502072463.0,86400.0,8.0,781.0,9755.0,1.0,0,1502178740,1,0.06,0.0,4.1,5,0,0,0,0,0,0.25,0.5,0.25,,,,2.0,187.807418823,2585.0,8682.0,0.0
1,0,1,1.0,1502150400.0,1502164800.0,1.65,1.0,445.0,576.0,0.0,0,1502178740,1,0.08,0.0,4.8,4,0,1,1,1,1,0.0,1.0,0.0,,,,2.0,19.7180309296,216.0,576.0,0.0
1,0,1,1.0,1502150400.0,1502175600.0,4.65,1.0,398.0,517.0,0.0,0,1502178740,1,0.1,0.0,4.16723300971,0,0,1,1,1,1,0.0,1.0,0.0,,,,2.0,18.314743042,202.0,517.0,0.0
1,0,1,1.0,1502146800.0,1502186400.0,7.65,2.0,407.0,571.0,0.0,0,1502178740,1,0.08,0.0,3.3,4,0,1,0,1,0,0.0,0.0,1.0,,,,0.0,9.9357585907,113.0,571.0,0.0
1,0,1,0.0,,,0.0,2.0,575.0,749.0,0.0,0,1502178740,1,0.9,0.93,4.6,15,1,1,0,0,0,0.0,0.666666666667,0.333333333333,,,,0.0,0.704624891281,187.0,749.0,0.0
1,0,1,0.0,,,0.0,1.0,1064.0,12176.0,1.0,0,1502178740,1,0.0,0.8,4.16723300971,0,0,1,0,1,0,0.333333333333,0.666666666667,0.0,,,,0.0,81.1932296753,2974.0,12269.0,0.0
1,0,1,0.0,,,0.0,8.0,892.0,1130.0,0.0,0,1502178740,1,0.0,0.0,4.16723300971,0,0,0,0,0,0,,,,,,,,10.0,416.0,1274.0,
1,0,1,0.0,,,0.0,1.0,1236.0,19863.0,1.0,0,1502178740,1,0.76,0.89,4.6,5,0,1,0,1,1,0.0,1.0,0.0,,,,2.0,128.146820068,4523.0,19341.0,1.0
1,0,1,1.0,1502146800.0,1502179200.0,5.65,1.0,610.0,757.0,0.0,0,1502178740,1,0.03,0.0,5.0,1,1,1,0,1,0,0.0,0.0,1.0,,,,2.0,20.3591976166,315.0,834.0,0.0
1,0,1,1.0,1502146800.0,1502175600.0,4.65,2.0,324.0,454.0,0.0,0,1502178740,1,0.8,0.86,5.0,2,0,1,0,1,0,0.0,0.666666666667,0.333333333333,,,,0.0,11.2162561417,68.0,454.0,0.0
1,0,1,1.0,1502139600.0,1502175600.0,4.65,1.0,204.0,284.0,0.0,0,1502178740,1,0.03,0.0,4.55,15,0,1,1,0,1,1.0,0.0,0.0,,,,2.0,14.188126564,45.0,284.0,0.0
1,0,1,0.0,,,0.0,2.0,537.0,677.0,0.0,0,1502178740,1,0.06,0.0,4.16723300971,0,0,1,0,1,0,0.0,0.0,1.0,,,,2.0,24.1768913269,297.0,677.0,0.0
1,0,1,1.0,1502150400.0,1502164800.0,1.65,1.0,1972.0,2114.0,0.0,0,1502178740,1,0.08,0.0,5.0,1,0,1,0,1,0,0.0,1.0,0.0,,,,2.0,40.0452270508,882.0,2107.0,0.0
1,0,1,0.0,,,0.0,2.0,1000.0,1379.0,0.0,0,1502178740,1,0.8,0.8,4.4,5,0,0,0,0,0,0.0,0.75,0.25,,,,2.0,4.96721410751,297.0,1480.0,2.0
1,0,1,1.0,1502148600.0,1502175600.0,4.65,,369.0,480.0,0.0,0,1502178740,1,0.0,0.0,5.0,1,0,0,0,0,0,0.0,0.666666666667,0.333333333333,,,,,17.5418548584,194.0,480.0,
1,0,1,1.0,1502141400.0,1502181000.0,6.15,,1398.0,1611.0,0.0,0,1502178740,1,0.0,0.0,4.3,5,0,0,0,0,0,0.0,0.666666666667,0.333333333333,,,,,40.233707428,623.0,1905.0,
1,0,1,1.0,1502148600.0,1502166600.0,2.15,,442.0,575.0,0.0,0,1502178740,1,0.0,0.0,5.0,2,0,0,0,0,0,0.0,1.0,0.0,,,,,17.6364860535,186.0,575.0,
1,0,1,1.0,1502150400.0,1502175600.0,4.65,,986.0,1352.0,0.0,0,1502178740,1,0.0,0.0,4.0,5,0,0,0,0,0,0.0,1.0,0.0,0.12,4.27777777778,38.7142857143,,6.11376237869,285.0,1427.0,
1,0,1,0.0,,,0.0,,893.0,1221.0,0.0,0,1502178740,1,0.0,0.0,4.0,2,0,0,0,0,0,0.0,1.0,0.0,,,,,5.03062963486,288.0,1282.0,
1,0,1,1.0,1502146800.0,1502179200.0,5.65,,177.0,250.0,0.0,0,1502178740,1,0.0,0.0,2.5,5,0,0,0,0,0,0.0,1.0,0.0,,,,,11.4719018936,64.0,250.0,
1,0,1,,1502179200.0,1502190000.0,0.0,1.0,697.0,966.0,0.0,0,1502178740,1,0.01,0.0,4.2,5,0,1,1,0,1,1.0,0.0,0.0,0.0,13.6111111111,0.0,2.0,6.41567230225,214.0,966.0,0.0
1,0,1,0.0,,,0.0,,224.0,293.0,0.0,0,1502178740,1,0.0,0.0,4.7,5,0,0,0,0,0,0.0,0.666666666667,0.333333333333,,,,,15.9519472122,75.0,293.0,
1,0,1,0.0,,,0.0,,335.0,434.0,0.0,0,1502178740,1,0.0,0.0,4.16723300971,0,0,0,0,0,0,0.0,0.666666666667,0.333333333333,,,,,16.1965274811,94.0,411.0,
1,0,1,1.0,1502245280.0,1502072480.0,86400.0,8.0,449.0,577.0,0.0,0,1502178740,1,0.0,0.0,3.6,10,0,0,0,0,0,0.333333333333,0.666666666667,0.0,,,,,19.0958538055,216.0,577.0,
1,0,1,1.0,1502150400.0,1502204400.0,12.64,,428.0,540.0,0.0,0,1502178740,1,0.0,0.0,3.55,10,0,0,0,0,0,0.5,0.5,0.0,0.25,14.1666666667,27.5,,14.7753210068,237.0,540.0,
1,0,1,1.0,1502146800.0,1502193600.0,9.64,,345.0,470.0,0.0,0,1502178740,1,0.0,0.0,3.8,5,0,0,0,0,0,0.333333333333,0.666666666667,0.0,0.75,38.7777777778,74.2857142857,,10.9836435318,116.0,507.0,
1,0,1,1.0,1502137800.0,1502193600.0,9.64,,277.0,388.0,0.0,0,1502178740,1,0.0,0.0,4.0,1,0,0,0,0,0,0.333333333333,0.666666666667,0.0,,,,,13.9202346802,67.0,430.0,
1,0,1,0.0,,,0.0,,344.0,480.0,0.0,0,1502178740,1,0.0,0.0,2.0,2,0,0,0,0,0,0.333333333333,0.666666666667,0.0,,,,,12.5222015381,74.0,480.0,
1,0,1,1.0,1502157600.0,1502191800.0,9.14,,277.0,365.0,0.0,0,1502178740,1,0.0,0.0,3.4,5,0,0,0,0,0,0.25,0.5,0.25,0.0,12.4444444444,15.7142857143,,14.9618883133,82.0,495.0,
1,0,1,,1502175600.0,1502190000.0,0.0,,187.0,261.0,0.0,0,1502178740,1,0.0,0.0,3.6,5,0,0,0,0,0,0.333333333333,0.666666666667,0.0,,,,,14.421872139,42.0,261.0,
1,0,1,1.0,1502136000.0,1502164800.0,1.64,,446.0,573.0,0.0,0,1502178740,1,0.0,0.0,4.5,2,0,0,0,0,0,0.333333333333,0.666666666667,0.0,,,,,18.8909454346,215.0,573.0,
1,0,1,1.0,1502141400.0,1502172000.0,3.64,1.0,181.0,249.0,0.0,0,1502178740,1,0.03,0.0,4.25,15,0,1,1,0,1,1.0,0.0,0.0,0.35,14.5555555556,44.7142857143,2.0,15.5834350586,41.0,249.0,0.0
1,0,1,1.0,1502150400.0,1502193600.0,9.64,,321.0,434.0,0.0,0,1502178740,1,0.0,0.0,3.7,5,0,0,0,0,0,0.333333333333,0.666666666667,0.0,0.77,29.7777777778,81.5714285714,,11.4926939011,125.0,543.0,
1,0,1,0.0,,,0.0,,336.0,443.0,0.0,0,1502178740,1,0.0,0.0,4.16723300971,0,0,0,0,0,0,0.5,0.5,0.0,,,,,15.9151210785,138.0,505.0,
1,0,1,0.0,,,0.0,,270.0,362.0,0.0,0,1502178740,1,0.0,0.0,4.16723300971,0,0,0,0,0,0,0.333333333333,0.666666666667,0.0,,,,,12.8363018036,139.0,615.0,
1,0,1,1.0,1502143200.0,1502191800.0,9.14,,433.0,569.0,0.0,0,1502178740,1,0.0,0.0,4.1,5,0,0,0,0,0,0.5,0.5,0.0,0.53,24.5555555556,48.1428571429,,10.3970985413,159.0,564.0,
1,0,1,0.0,,,0.0,,443.0,570.0,0.0,0,1502178740,1,0.0,0.0,4.16723300971,0,0,0,0,0,0,0.333333333333,0.666666666667,0.0,,,,,18.5507411957,214.0,570.0,
1,0,1,1.0,1502154000.0,1502190000.0,8.64,,448.0,591.0,0.0,0,1502178740,1,0.0,0.0,2.5,5,0,0,0,0,0,0.333333333333,0.666666666667,0.0,,,,,9.51615905762,165.0,600.0,
1,0,1,,1502178300.0,1502190000.0,0.0,,597.0,747.0,0.0,0,1502178740,1,0.0,0.0,4.16723300971,0,0,0,0,0,0,0.333333333333,0.666666666667,0.0,,,,,27.8212490082,272.0,747.0,
1,0,1,0.0,,,0.0,,503.0,639.0,0.0,0,1502178740,1,0.0,0.0,4.16723300971,0,0,0,0,0,0,0.333333333333,0.666666666667,0.0,,,,,13.7332649231,289.0,773.0,
1,0,1,1.0,1502154000.0,1502190000.0,8.64,,511.0,651.0,0.0,0,1502178740,1,0.0,0.0,4.7,5,0,0,0,0,0,0.333333333333,0.666666666667,0.0,,,,,13.1137313843,290.0,785.0,
1,0,1,1.0,1502143200.0,1502177400.0,5.14,,173.0,229.0,0.0,0,1502178740,1,0.0,0.0,2.9,5,0,0,0,0,0,0.333333333333,0.666666666667,0.0,,,,,14.6844892502,91.0,229.0,
1,0,1,1.0,1502245294.0,1502072494.0,86400.0,8.0,210.0,292.0,0.0,0,1502178740,1,0.03,0.0,4.35,10,1,1,1,0,1,0.333333333333,0.333333333333,0.333333333333,,,,0.0,9.32246208191,70.0,292.0,0.0
1,0,1,1.0,1502139600.0,1502181000.0,6.14,,355.0,494.0,0.0,0,1502178740,1,0.0,0.0,4.16723300971,0,0,0,0,0,0,0.333333333333,0.666666666667,0.0,,,,,12.4758386612,76.0,494.0,
1,0,1,0.0,,,0.0,,472.0,596.0,0.0,0,1502178740,1,0.0,0.0,4.0,3,0,0,0,0,0,0.333333333333,0.666666666667,0.0,,,,,14.9088182449,211.0,596.0,
1,0,1,1.0,1502155800.0,1502164800.0,1.64,,313.0,431.0,0.0,0,1502178740,1,0.0,0.0,4.15,15,0,0,0,0,0,0.333333333333,0.666666666667,0.0,,,,,15.0138463974,71.0,431.0,
1,0,1,1.0,1502155800.0,1502166600.0,2.14,,383.0,503.0,0.0,0,1502178740,1,0.0,0.0,3.3,5,0,0,0,0,0,0.333333333333,0.666666666667,0.0,,,,,15.0606908798,166.0,503.0,
1,0,1,1.0,1502141400.0,1502181000.0,6.14,,207.0,270.0,0.0,0,1502178740,1,0.0,0.0,4.16723300971,0,0,0,0,0,0,0.25,0.5,0.25,,,,,16.0741691589,71.0,270.0,
1,0,1,0.0,,,0.0,,231.0,303.0,0.0,0,1502178740,1,0.0,0.0,4.0,4,0,0,0,0,0,0.333333333333,0.666666666667,0.0,,,,,15.9980831146,77.0,303.0,
1,0,1,1.0,1502154000.0,1502172000.0,3.64,,237.0,312.0,0.0,0,1502178740,1,0.0,0.0,4.2,5,0,0,0,0,0,0.333333333333,0.666666666667,0.0,,,,,16.0074195862,78.0,312.0,
1,0,1,0.0,,,0.0,,269.0,355.0,0.0,0,1502178740,1,0.0,0.0,1.0,1,0,0,0,0,0,0.333333333333,0.666666666667,0.0,,,,,16.3622646332,86.0,355.0,
1,0,1,1.0,1502142300.0,1502172000.0,3.64,,262.0,344.0,0.0,0,1502178740,1,0.0,0.0,3.2,5,0,0,0,0,0,0.5,0.5,0.0,,,,,13.1448364258,157.0,344.0,
1,0,1,1.0,1502143200.0,1502172000.0,3.64,,341.0,440.0,0.0,0,1502178740,1,0.0,0.0,4.0,1,0,0,0,0,0,0.5,0.5,0.0,,,,,15.8105888367,133.0,440.0,
1,0,1,1.0,1502150400.0,1502164800.0,1.64,1.0,405.0,554.0,0.0,0,1502178740,1,0.01,0.5,4.7,5,1,1,0,0,1,0.0,0.75,0.25,,,,0.0,14.8880033493,128.0,554.0,2.0
1,0,1,1.0,1502146800.0,1502195400.0,10.14,1.0,630.0,4285.0,1.0,0,1502178740,1,0.02,0.0,4.05,15,0,1,1,0,1,1.0,0.0,0.0,0.4,20.2777777778,65.5714285714,2.0,35.5321846008,712.0,2171.0,0.0
1,0,1,1.0,1502155800.0,1502168400.0,2.64,,201.0,279.0,0.0,0,1502178740,1,0.0,0.0,3.0,2,0,0,0,0,0,0.333333333333,0.666666666667,0.0,,,,,14.6403255463,45.0,279.0,
1,0,1,0.0,,,0.0,,387.0,500.0,0.0,0,1502178740,1,0.0,0.0,4.2,5,0,0,0,0,0,0.333333333333,0.666666666667,0.0,,,,,17.0279121399,152.0,523.0,
1,0,1,0.0,,,0.0,,313.0,414.0,0.0,0,1502178740,1,0.0,0.0,4.16723300971,0,0,0,0,0,0,0.333333333333,0.666666666667,0.0,,,,,15.5161008835,85.0,504.0,
1,0,1,0.0,,,0.0,,357.0,485.0,0.0,0,1502178740,1,0.0,0.0,4.16723300971,0,0,0,0,0,0,0.333333333333,0.666666666667,0.0,,,,,15.7288160324,121.0,486.0,
1,0,1,1.0,1502154000.0,1502188200.0,8.14,,338.0,459.0,0.0,0,1502178740,1,0.0,0.0,5.0,3,0,0,0,0,0,0.333333333333,0.666666666667,0.0,,,,,11.4395132065,119.0,518.0,
1,0,1,0.0,,,0.0,,365.0,495.0,0.0,0,1502178740,1,0.0,0.0,4.16723300971,0,0,0,0,0,0,0.333333333333,0.666666666667,0.0,,,,,16.0192127228,130.0,496.0,
1,0,1,0.0,,,0.0,,431.0,567.0,0.0,0,1502178740,1,0.0,0.0,4.16723300971,0,0,0,0,0,0,0.333333333333,0.666666666667,0.0,,,,,10.3363857269,159.0,562.0,
1,0,1,0.0,,,0.0,,459.0,605.0,0.0,0,1502178740,1,0.0,0.0,4.5,10,0,0,0,0,0,0.333333333333,0.666666666667,0.0,,,,,9.99064064026,165.0,600.0,
1,0,1,1.0,1502143200.0,1502175600.0,4.64,,390.0,493.0,0.0,0,1502178740,1,0.0,0.0,2.2,4,0,0,0,0,0,0.333333333333,0.666666666667,0.0,,,,,12.3998003006,225.0,493.0,
1,0,1,1.0,1502150400.0,1502191800.0,9.14,,448.0,591.0,0.0,0,1502178740,1,0.0,0.0,3.2,5,0,0,0,0,0,0.333333333333,0.666666666667,0.0,,,,,9.51615905762,165.0,600.0,
1,0,1,1.0,1502143200.0,1502172000.0,3.64,1.0,1975.0,2125.0,0.0,0,1502178740,1,0.01,0.0,3.9,15,1,1,1,1,1,1.0,0.0,0.0,0.17,17.1666666667,24.1428571429,2.0,34.3231964111,874.0,2118.0,0.0
1,0,1,1.0,1502146800.0,1502191800.0,9.14,,448.0,591.0,0.0,0,1502178740,1,0.0,0.0,3.3,3,0,0,0,0,0,0.25,0.5,0.25,,,,,9.51615905762,165.0,600.0,
1,0,1,0.0,,,0.0,,448.0,591.0,0.0,0,1502178740,1,0.0,0.0,4.3,3,0,0,0,0,0,0.333333333333,0.666666666667,0.0,,,,,9.51615905762,165.0,600.0,
1,0,1,0.0,,,0.0,,448.0,591.0,0.0,0,1502178740,1,0.0,0.0,4.0,1,0,0,0,0,0,0.333333333333,0.666666666667,0.0,,,,,9.51615905762,165.0,600.0,
1,0,1,1.0,1502146800.0,1502191800.0,9.14,,448.0,591.0,0.0,0,1502178740,1,0.0,0.0,2.0,1,0,0,0,0,0,0.4,0.4,0.2,,,,,9.51615905762,165.0,600.0,
1,0,1,1.0,1502150400.0,1502190000.0,8.64,,448.0,591.0,0.0,0,1502178740,1,0.0,0.0,1.4,5,0,0,0,0,0,0.333333333333,0.666666666667,0.0,,,,,9.51615905762,165.0,600.0,
1,0,1,1.0,1502150400.0,1502186400.0,7.64,,387.0,517.0,0.0,0,1502178740,1,0.0,0.0,4.0,5,0,0,0,0,0,0.333333333333,0.666666666667,0.0,0.82,20.2777777778,66.2857142857,,10.5155925751,152.0,512.0,
1,0,1,0.0,,,0.0,,415.0,524.0,0.0,0,1502178740,1,0.0,0.0,3.0,2,0,0,0,0,0,0.333333333333,0.666666666667,0.0,,,,,12.675951004,233.0,524.0,
1,0,1,1.0,1502150400.0,1502191800.0,9.13,,449.0,588.0,0.0,0,1502178740,1,0.0,0.0,4.0,5,0,0,0,0,0,0.333333333333,0.666666666667,0.0,,,,,10.9454717636,237.0,707.0,
1,0,1,0.0,,,0.0,,363.0,513.0,0.0,0,1502178740,1,0.0,0.0,4.0,2,0,0,0,0,0,0.333333333333,0.666666666667,0.0,,,,,10.5449228287,75.0,513.0,
1,0,1,0.0,,,0.0,,443.0,559.0,0.0,0,1502178740,1,0.0,0.0,4.16723300971,0,0,0,0,0,0,0.333333333333,0.666666666667,0.0,,,,,13.2308225632,242.0,559.0,
1,0,1,1.0,1502157600.0,1502164800.0,1.63,1.0,249.0,341.0,0.0,0,1502178740,1,0.01,0.0,3.95,15,0,1,1,1,1,1.0,0.0,0.0,0.09,7.05555555556,6.42857142857,2.0,14.8595066071,80.0,341.0,0.0
1,0,1,0.0,,,0.0,,492.0,620.0,0.0,0,1502178740,1,0.0,0.0,5.0,1,0,0,0,0,0,0.333333333333,0.666666666667,0.0,,,,,14.7390241623,286.0,754.0,
1,0,1,0.0,,,0.0,,511.0,652.0,0.0,0,1502178740,1,0.0,0.0,4.16723300971,0,0,0,0,0,0,0.333333333333,0.666666666667,0.0,,,,,13.2299489975,290.0,786.0,
1,0,1,0.0,,,0.0,,490.0,617.0,0.0,0,1502178740,1,0.0,0.0,1.0,2,0,0,0,0,0,0.5,0.5,0.0,,,,,15.8456611633,258.0,617.0,
1,0,1,0.0,,,0.0,,388.0,535.0,0.0,0,1502178740,1,0.0,0.0,4.16723300971,0,0,0,0,0,0,0.333333333333,0.666666666667,0.0,,,,,13.29600811,120.0,535.0,
1,0,1,0.0,,,0.0,,505.0,635.0,0.0,0,1502178740,1,0.0,0.0,4.16723300971,0,0,0,0,0,0,0.333333333333,0.666666666667,0.0,,,,,16.0565414429,263.0,635.0,
1,0,1,0.0,,,0.0,,611.0,742.0,0.0,0,1502178740,1,0.0,0.0,1.0,1,0,0,0,0,0,0.333333333333,0.666666666667,0.0,,,,,28.0281162262,289.0,742.0,
1,0,1,1.0,1502152200.0,1502190000.0,8.63,,593.0,788.0,0.0,0,1502178740,1,0.0,0.0,4.6,5,0,0,0,0,0,0.333333333333,0.666666666667,0.0,0.41,23.0555555556,47.8571428571,,6.60106086731,247.0,825.0,
1,0,1,1.0,1502245322.0,1502072522.0,86400.0,,550.0,677.0,0.0,0,1502178740,1,0.0,0.0,4.3,5,0,0,0,0,0,0.0,1.0,0.0,0.0,7.44444444444,17.3333333333,,21.3129234314,255.0,684.0,
1,0,1,0.0,,,0.0,8.0,554.0,684.0,0.0,0,1502178740,1,0.0,0.0,4.0,3,0,0,0,0,0,0.0,1.0,0.0,,,,,21.3816699982,255.0,684.0,
1,0,1,0.0,,,0.0,8.0,505.0,704.0,0.0,0,1502178740,1,0.0,0.0,4.0,7,0,0,0,0,0,0.0,1.0,0.0,,,,,6.72973489761,176.0,757.0,
1,0,1,1.0,1502157600.0,1502164800.0,1.63,1.0,145.0,200.0,0.0,0,1502178740,1,0.02,0.0,4.1,15,0,1,1,0,1,1.0,0.0,0.0,0.08,8.33333333333,8.85714285714,2.0,15.2320795059,58.0,200.0,0.0
1,0,1,0.0,,,0.0,,353.0,457.0,0.0,0,1502178740,1,0.0,0.0,4.8,5,0,0,0,0,0,0.0,0.666666666667,0.333333333333,,,,,15.9625415802,136.0,457.0,
1,0,1,1.0,1502148600.0,1502179200.0,5.63,8.0,20.0,26.0,0.0,0,1502178740,1,0.0,0.0,4.2,10,0,0,0,0,0,0.0,0.666666666667,0.333333333333,,,,,17.0931930542,5.0,26.0,
1,0,1,0.0,,,0.0,,118.0,163.0,0.0,0,1502178740,1,0.0,0.0,3.5,5,0,0,0,0,0,0.0,0.666666666667,0.333333333333,,,,,15.9718008041,27.0,163.0,
1,0,1,0.0,,,0.0,,117.0,162.0,0.0,0,1502178740,1,0.0,0.0,4.16723300971,0,0,0,0,0,0,0.0,0.666666666667,0.333333333333,,,,,15.952173233,27.0,162.0,
1,0,1,0.0,,,0.0,,402.0,539.0,0.0,0,1502178740,1,0.0,0.0,4.16723300971,0,0,0,0,0,0,0.0,0.666666666667,0.333333333333,,,,,10.1805677414,155.0,534.0,
1,0,1,0.0,,,0.0,,183.0,253.0,0.0,0,1502178740,1,0.0,0.0,4.0,1,0,0,0,0,0,0.0,0.666666666667,0.333333333333,,,,,16.2881565094,70.0,267.0,
1,0,1,1.0,1502146800.0,1502159400.0,0.13,,107.0,144.0,0.0,0,1502178740,1,0.0,0.0,4.5,2,0,0,0,0,0,0.0,0.666666666667,0.333333333333,,,,,17.1380844116,26.0,144.0,
1,0,1,1.0,1502146800.0,1502179200.0,5.63,,523.0,687.0,0.0,0,1502178740,1,0.0,0.0,4.16723300971,0,0,0,0,0,0,0.0,0.666666666667,0.333333333333,,,,,11.7291545868,297.0,839.0,
1,0,1,0.0,,,0.0,8.0,530.0,644.0,0.0,0,1502178740,1,0.0,0.0,5.0,3,0,0,0,0,0,0.0,0.666666666667,0.333333333333,,,,,25.3055171967,256.0,644.0,
1,0,1,0.0,,,0.0,,229.0,321.0,0.0,0,1502178740,1,0.0,0.0,4.16723300971,0,0,0,0,0,0,0.0,0.666666666667,0.333333333333,,,,,12.5971803665,49.0,321.0,
1,0,1,1.0,1502141400.0,1502193600.0,9.63,1.0,641.0,863.0,0.0,0,1502178740,1,0.06,0.0,3.9,15,0,1,1,0,1,1.0,0.0,0.0,0.14,19.2222222222,18.8571428571,2.0,12.3500518799,203.0,856.0,0.0
1,0,1,0.0,,,0.0,,399.0,534.0,0.0,0,1502178740,1,0.0,0.0,4.16723300971,0,0,0,0,0,0,0.0,0.666666666667,0.333333333333,,,,,10.2607584,154.0,529.0,
1,0,1,0.0,,,0.0,,534.0,665.0,0.0,0,1502178740,1,0.0,0.0,4.16723300971,0,0,0,0,0,0,0.0,0.666666666667,0.333333333333,,,,,17.464389801,251.0,673.0,
1,0,1,1.0,1502139600.0,1502170200.0,3.13,,169.0,223.0,0.0,0,1502178740,1,0.0,0.0,3.6,5,0,0,0,0,0,0.333333333333,0.666666666667,0.0,,,,,14.9511480331,90.0,223.0,
1,0,1,1.0,1502146800.0,1502175600.0,4.63,,315.0,409.0,0.0,0,1502178740,1,0.0,0.0,4.8,4,0,0,0,0,0,0.25,0.5,0.25,,,,,16.0570716858,90.0,386.0,
1,0,1,1.0,1502139600.0,1502175600.0,4.63,,230.0,320.0,0.0,0,1502178740,1,0.0,0.0,4.16723300971,0,0,0,0,0,0,0.25,0.5,0.25,,,,,13.7585268021,51.0,320.0,
1,0,1,0.0,,,0.0,,256.0,338.0,0.0,0,1502178740,1,0.0,0.0,5.0,3,0,0,0,0,0,0.25,0.5,0.25,,,,,16.1033554077,83.0,338.0,
1,0,1,1.0,1502143200.0,1502172000.0,3.63,,313.0,405.0,0.0,0,1502178740,1,0.0,0.0,5.0,2,0,0,0,0,0,0.25,0.5,0.25,,,,,15.2147693634,125.0,405.0,
1,0,1,1.0,1502150400.0,1502172000.0,3.63,,203.0,276.0,0.0,0,1502178740,1,0.0,0.0,4.16723300971,0,0,0,0,0,0,0.333333333333,0.666666666667,0.0,,,,,15.5568084717,72.0,276.0,
1,0,1,1.0,1502143200.0,1502172000.0,3.63,,224.0,293.0,0.0,0,1502178740,1,0.0,0.0,4.16723300971,0,0,0,0,0,0,0.25,0.5,0.25,,,,,15.9519472122,75.0,293.0,
1,0,1,1.0,1502139600.0,1502166600.0,2.13,,231.0,304.0,0.0,0,1502178740,1,0.0,0.0,4.16723300971,0,0,0,0,0,0,0.333333333333,0.666666666667,0.0,,,,,16.0046768188,77.0,304.0,
1,0,1,1.0,1502141400.0,1502172000.0,3.63,1.0,1918.0,2303.0,0.0,0,1502178740,1,0.03,0.0,4.0,5,0,1,1,0,1,1.0,0.0,0.0,0.65,18.7222222222,60.4285714286,2.0,76.361869812,796.0,2312.0,0.0
1,0,1,1.0,1502145000.0,1502173800.0,4.13,,292.0,376.0,0.0,0,1502178740,1,0.0,0.0,4.16723300971,0,0,0,0,0,0,0.333333333333,0.666666666667,0.0,,,,,16.4373645782,120.0,376.0,
1,0,1,0.0,,,0.0,,269.0,355.0,0.0,0,1502178740,1,0.0,0.0,4.16723300971,0,0,0,0,0,0,0.333333333333,0.666666666667,0.0,,,,,16.3622646332,86.0,355.0,
1,0,1,0.0,,,0.0,,264.0,353.0,0.0,0,1502178740,1,0.0,0.0,4.16723300971,0,0,0,0,0,0,0.333333333333,0.666666666667,0.0,,,,,13.8632507324,141.0,624.0,
1,0,1,0.0,,,0.0,,173.0,230.0,0.0,0,1502178740,1,0.0,0.0,4.0,3,0,0,0,0,0,0.333333333333,0.666666666667,0.0,,,,,12.8579244614,87.0,344.0,
1,0,1,1.0,1502143200.0,1502164800.0,1.63,,307.0,400.0,0.0,0,1502178740,1,0.0,0.0,5.0,5,0,0,0,0,0,0.333333333333,0.666666666667,0.0,,,,,12.2293214798,185.0,400.0,
1,0,1,0.0,,,0.0,,245.0,337.0,0.0,0,1502178740,1,0.0,0.0,4.8,5,0,0,0,0,0,0.333333333333,0.666666666667,0.0,,,,,14.5657596588,55.0,337.0,
1,0,1,0.0,,,0.0,,428.0,555.0,0.0,0,1502178740,1,0.0,0.0,4.16723300971,0,0,0,0,0,0,0.333333333333,0.666666666667,0.0,,,,,18.4875030518,211.0,555.0,
1,0,1,0.0,,,0.0,,373.0,493.0,0.0,0,1502178740,1,0.0,0.0,5.0,1,0,0,0,0,0,0.333333333333,0.666666666667,0.0,,,,,12.3233909607,225.0,612.0,
1,0,1,0.0,,,0.0,,452.0,586.0,0.0,0,1502178740,1,0.0,0.0,4.16723300971,0,0,0,0,0,0,0.333333333333,0.666666666667,0.0,,,,,19.2415752411,218.0,586.0,
1,0,1,0.0,,,0.0,,557.0,718.0,0.0,0,1502178740,1,0.0,0.0,4.16723300971,0,0,0,0,0,0,0.333333333333,0.666666666667,0.0,,,,,11.6997365952,299.0,852.0,
1,0,1,1.0,1502145000.0,1502168400.0,2.63,1.0,283.0,387.0,0.0,0,1502178740,1,0.04,0.0,4.15,15,0,1,1,0,1,1.0,0.0,0.0,,,,2.0,15.3825855255,121.0,387.0,0.0
1,0,1,,1502175600.0,1502114400.0,0.0,,365.0,479.0,0.0,0,1502178740,1,0.0,0.0,4.6,5,0,0,0,0,0,0.333333333333,0.666666666667,0.0,,,,,17.7062778473,154.0,479.0,
1,0,1,0.0,,,0.0,,446.0,573.0,0.0,0,1502178740,1,0.0,0.0,4.0,1,0,0,0,0,0,0.333333333333,0.666666666667,0.0,,,,,18.8908004761,215.0,573.0,
1,0,1,1.0,1502157600.0,1502200800.0,11.62,8.0,427.0,531.0,0.0,0,1502178740,1,0.0,0.0,4.7,5,0,0,0,0,0,0.333333333333,0.666666666667,0.0,0.05,10.8333333333,4.71428571429,,16.2616882324,204.0,531.0,
1,0,1,0.0,,,0.0,,432.0,570.0,0.0,0,1502178740,1,0.0,0.0,5.0,3,0,0,0,0,0,0.333333333333,0.666666666667,0.0,,,,,17.6646938324,169.0,570.0,
1,0,1,,1502175600.0,1502208000.0,0.0,,279.0,396.0,0.0,0,1502178740,1,0.0,0.0,4.16723300971,0,0,0,0,0,0,0.333333333333,0.666666666667,0.0,,,,,10.1173295975,86.0,414.0,
1,0,1,1.0,1502157600.0,1502164800.0,1.62,,478.0,600.0,0.0,0,1502178740,1,0.0,0.0,4.6,5,0,0,0,0,0,0.333333333333,0.666666666667,0.0,,,,,16.0560646057,217.0,600.0,
1,0,1,0.0,,,0.0,,274.0,380.0,0.0,0,1502178740,1,0.0,0.0,4.1,5,0,0,0,0,0,0.333333333333,0.666666666667,0.0,,,,,13.9003171921,61.0,380.0,
1,0,1,0.0,,,0.0,8.0,381.0,506.0,0.0,0,1502178740,1,0.0,0.0,5.0,1,0,0,0,0,0,0.333333333333,0.666666666667,0.0,,,,,11.5226869583,199.0,506.0,
1,0,1,1.0,1502157600.0,1502193600.0,9.62,,520.0,682.0,0.0,0,1502178740,1,0.0,0.0,4.9,5,0,0,0,0,0,0.333333333333,0.666666666667,0.0,0.0,8.5,0.0,,11.7993507385,297.0,842.0,
1,0,1,0.0,,,0.0,,232.0,321.0,0.0,0,1502178740,1,0.0,0.0,4.16723300971,0,0,0,0,0,0,0.0,1.0,0.0,,,,,14.4684753418,52.0,321.0,
1,0,1,1.0,1502143200.0,1502168400.0,2.62,1.0,926.0,1185.0,0.0,0,1502178740,1,0.02,0.0,4.0,5,0,1,1,0,1,1.0,0.0,0.0,0.52,17.6666666667,57.2857142857,2.0,10.8084278107,401.0,1192.0,0.0
1,0,1,0.0,,,0.0,8.0,155.0,213.0,0.0,0,1502178740,1,0.0,0.0,4.0,5,0,0,0,0,0,0.0,1.0,0.0,,,,,16.2993526459,35.0,213.0,
1,0,1,1.0,1502141400.0,1502168400.0,2.62,1.0,1336.0,1521.0,0.0,0,1502178740,1,0.02,0.0,4.4,5,0,1,1,0,1,1.0,0.0,0.0,0.65,14.3333333333,70.7142857143,2.0,40.3337020874,687.0,2132.0,0.0
1,0,1,1.0,1502146800.0,1502175600.0,4.62,1.0,274.0,375.0,0.0,0,1502178740,1,0.05,0.0,4.45,15,1,1,0,0,0,1.0,0.0,0.0,,,,2.0,15.2380132675,119.0,375.0,0.0
1,0,1,1.0,1502148600.0,1502175600.0,4.62,1.0,424.0,533.0,0.0,0,1502178740,1,0.02,0.5,4.0,3,0,0,1,0,1,0.0,0.5,0.5,,,,2.0,15.2594232559,201.0,533.0,0.0
1,0,1,1.0,1502150400.0,1502168400.0,2.62,1.0,506.0,636.0,0.0,0,1502178740,1,0.04,0.0,4.3,5,0,1,1,0,1,1.0,0.0,0.0,0.26,15.2222222222,25.5714285714,2.0,16.1165428162,263.0,636.0,0.0
1,0,1,1.0,1502154000.0,1502190000.0,8.62,1.0,860.0,1050.0,0.0,0,1502178740,1,0.01,0.0,3.95,15,0,1,1,0,1,1.0,0.0,0.0,,,,2.0,28.2600498199,400.0,1127.0,0.0
1,0,1,1.0,1502155800.0,1502168400.0,2.62,1.0,1165.0,1368.0,0.0,0,1502178740,1,0.03,0.0,4.1,13,0,1,1,0,1,1.0,0.0,0.0,,,,2.0,48.1966285706,566.0,1445.0,0.0
1,0,1,0.0,,,0.0,1.0,230.0,321.0,0.0,0,1502178740,1,0.06,0.0,3.95,15,0,1,1,0,1,1.0,0.0,0.0,,,,2.0,13.5580558777,51.0,321.0,0.0
1,0,1,1.0,1502145000.0,1502172000.0,3.62,1.0,348.0,459.0,0.0,0,1502178740,1,0.06,0.0,4.65,15,0,1,1,0,1,1.0,0.0,0.0,,,,2.0,11.5780515671,193.0,459.0,0.0
1,0,1,,1502175600.0,1502190000.0,0.0,1.0,303.0,402.0,0.0,0,1502178740,1,0.01,0.0,3.8,4,0,1,1,0,1,1.0,0.0,0.0,,,,2.0,14.5281858444,75.0,453.0,0.0
1,0,1,,1502179200.0,1502186400.0,0.0,1.0,641.0,789.0,0.0,0,1502178740,1,0.05,0.0,4.55,15,0,1,1,0,1,1.0,0.0,0.0,,,,2.0,29.4888935089,297.0,789.0,0.0
1,0,1,1.0,1502141400.0,1502172000.0,3.62,1.0,1000.0,1191.0,0.0,0,1502178740,1,0.04,0.0,4.7,15,0,1,1,0,1,1.0,0.0,0.0,,,,2.0,45.8267784119,483.0,1268.0,0.0
1,0,1,1.0,1502155800.0,1502200800.0,11.62,1.0,398.0,514.0,0.0,0,1502178740,1,0.04,0.0,4.45,15,0,1,1,0,1,1.0,0.0,0.0,,,,2.0,14.0991296768,212.0,613.0,0.0
1,0,1,1.0,1502155800.0,1502186400.0,7.62,1.0,1019.0,1304.0,0.0,0,1502178740,1,0.05,0.0,4.2,15,0,1,1,0,1,1.0,0.0,0.0,,,,2.0,12.1036863327,428.0,1353.0,0.0
1,0,1,1.0,1502146800.0,1502175600.0,4.62,2.0,831.0,1084.0,0.0,0,1502178740,1,0.71,0.7,4.1,17,1,1,0,1,0,0.0,0.5,0.5,,,,2.0,38.90026474,270.0,1077.0,2.0
1,0,1,,1502175600.0,1502191800.0,0.0,1.0,254.0,348.0,0.0,0,1502178740,1,0.02,0.0,3.95,15,0,1,1,0,1,1.0,0.0,0.0,,,,2.0,14.7718343735,113.0,348.0,0.0
1,0,1,1.0,1502145000.0,1502168400.0,2.62,1.0,345.0,446.0,0.0,0,1502178740,1,0.03,0.0,4.65,15,0,1,1,0,1,1.0,0.0,0.0,,,,2.0,15.9843969345,134.0,446.0,0.0
1,0,1,1.0,1502145000.0,1502190000.0,8.62,1.0,865.0,1061.0,0.0,0,1502178740,1,0.03,0.0,4.2,15,0,1,1,0,1,1.0,0.0,0.0,,,,2.0,26.8038806915,449.0,1137.0,0.0
1,0,1,1.0,1502132400.0,1502179200.0,5.62,1.0,232.0,291.0,0.0,0,1502178740,1,0.04,0.0,4.1,5,0,1,1,0,1,1.0,0.0,0.0,,,,2.0,16.9761867523,95.0,398.0,0.0
1,0,1,1.0,1502154000.0,1502208000.0,13.62,1.0,336.0,443.0,0.0,0,1502178740,1,0.05,0.0,3.85,15,0,1,1,0,1,1.0,0.0,0.0,,,,2.0,15.9151210785,138.0,505.0,0.0
1,0,1,1.0,1502143200.0,1502172000.0,3.62,1.0,825.0,1141.0,0.0,0,1502178740,1,0.02,0.0,4.1,15,0,1,1,0,1,1.0,0.0,0.0,,,,2.0,5.49414014816,256.0,1247.0,0.0
1,0,1,0.0,,,0.0,1.0,613.0,745.0,0.0,0,1502178740,1,0.04,0.0,3.4,15,0,1,1,0,1,1.0,0.0,0.0,,,,2.0,28.5166683197,290.0,745.0,0.0
1,0,1,1.0,1502141400.0,1502186400.0,7.62,1.0,821.0,1007.0,0.0,0,1502178740,1,0.03,0.0,3.3,5,0,1,1,0,1,1.0,0.0,0.0,,,,2.0,25.4986114502,407.0,1083.0,0.0
1,0,1,1.0,1502137800.0,1502186400.0,7.62,8.0,600.0,751.0,0.0,0,1502178740,1,0.04,0.0,4.4,15,0,1,1,0,1,1.0,0.0,0.0,,,,2.0,27.8603439331,274.0,751.0,0.0
1,0,1,1.0,1502146800.0,1502161200.0,0.62,1.0,84.0,113.0,0.0,0,1502178740,1,0.04,0.5,4.35,17,0,0,0,0,0,0.0,1.0,0.0,0.96,30.6111111111,67.2857142857,2.0,17.2858943939,22.0,112.0,1.0
1,0,1,1.0,1502139600.0,1502170200.0,3.12,1.0,1317.0,1644.0,0.0,0,1502178740,1,0.03,0.0,5.0,3,0,1,1,0,1,1.0,0.0,0.0,,,,2.0,33.6666717529,565.0,1706.0,0.0
1,0,1,1.0,1502155800.0,1502190000.0,8.62,1.0,660.0,927.0,0.0,0,1502178740,1,0.06,0.0,3.55,15,0,1,1,0,1,1.0,0.0,0.0,0.37,14.7222222222,37.7142857143,2.0,6.02247858047,191.0,927.0,0.0
1,0,1,,1502175600.0,1502190000.0,0.0,1.0,426.0,538.0,0.0,0,1502178740,1,0.02,0.0,5.0,2,0,1,1,0,1,1.0,0.0,0.0,,,,2.0,13.3168926239,237.0,538.0,0.0
1,0,1,1.0,1502148600.0,1502188200.0,8.12,1.0,429.0,538.0,0.0,0,1502178740,1,0.02,0.0,4.4,15,0,1,1,0,1,1.0,0.0,0.0,,,,2.0,15.6954202652,234.0,538.0,0.0
1,0,1,1.0,1502146800.0,1502161200.0,0.62,1.0,329.0,427.0,0.0,0,1502178740,1,0.04,0.0,4.3,5,0,1,1,0,1,1.0,0.0,0.0,,,,2.0,16.4893894196,93.0,404.0,0.0
1,0,1,1.0,1502139600.0,1502175600.0,4.62,1.0,592.0,776.0,0.0,0,1502178740,1,0.03,0.0,4.2,15,0,1,1,0,1,1.0,0.0,0.0,,,,2.0,1.57352459431,192.0,776.0,0.0
1,0,1,1.0,1502157600.0,1502204400.0,12.62,8.0,520.0,677.0,0.0,0,1502178740,1,0.0,0.0,3.75,15,0,0,0,0,0,1.0,0.0,0.0,0.0,4.38888888889,5.25,,9.63252639771,210.0,672.0,
1,0,1,1.0,1502143200.0,1502168400.0,2.62,1.0,503.0,639.0,0.0,0,1502178740,1,0.03,0.0,4.75,12,0,0,1,0,1,1.0,0.0,0.0,,,,2.0,13.6926326752,289.0,773.0,0.0
1,0,1,1.0,1502157600.0,1502164800.0,1.62,1.0,933.0,1192.0,0.0,0,1502178740,1,0.03,0.0,4.0,15,0,1,1,0,1,1.0,0.0,0.0,0.0,8.27777777778,9.0,2.0,10.9572381973,357.0,1187.0,0.0
1,0,1,1.0,1502155800.0,1502179200.0,5.62,1.0,216.0,284.0,0.0,0,1502178740,1,0.06,0.0,4.1,13,0,1,1,0,1,1.0,0.0,0.0,,,,2.0,14.3776903152,97.0,423.0,0.0
1,0,1,1.0,1502146800.0,1502175600.0,4.62,1.0,187.0,261.0,0.0,0,1502178740,1,0.03,0.5,4.16723300971,0,1,1,0,0,1,0.0,1.0,0.0,,,,2.0,14.421872139,42.0,261.0,0.0
1,0,1,1.0,1502146800.0,1502172000.0,3.62,1.0,1565.0,2137.0,0.0,0,1502178740,1,0.4,0.0,4.6,13,0,1,0,0,0,0.0,0.666666666667,0.333333333333,0.42,15.4444444444,60.2857142857,2.0,4.00290775299,442.0,2340.0,0.0
1,0,1,0.0,,,0.0,2.0,453.0,602.0,0.0,0,1502178740,1,0.03,0.0,3.85,15,0,1,1,0,1,1.0,0.0,0.0,,,,2.0,17.3354244232,152.0,602.0,0.0
1,0,1,,1502175600.0,1502190000.0,0.0,1.0,735.0,940.0,0.0,0,1502178740,1,0.05,0.0,4.0,10,0,1,1,0,1,1.0,0.0,0.0,,,,2.0,30.8369369507,303.0,910.0,0.0
1,0,1,1.0,1502145000.0,1502177400.0,5.11,1.0,441.0,546.0,0.0,0,1502178740,1,0.05,0.0,4.6,5,0,1,1,0,1,0.5,0.0,0.5,,,,2.0,17.3062992096,212.0,546.0,0.0
1,0,1,,1502175600.0,1502193600.0,0.0,1.0,594.0,798.0,0.0,0,1502178740,1,0.04,0.0,4.0,5,0,1,1,0,1,1.0,0.0,0.0,,,,2.0,9.8181180954,192.0,792.0,0.0
1,0,1,0.0,,,0.0,8.0,1070.0,1279.0,0.0,0,1502178740,1,0.0,0.0,4.45,15,0,0,0,0,0,1.0,0.0,0.0,,,,,36.141998291,507.0,1371.0,
1,0,1,1.0,1502139600.0,1502175600.0,4.61,8.0,1036.0,1246.0,0.0,0,1502178740,1,0.0,0.0,4.75,14,0,0,0,0,0,1.0,0.0,0.0,,,,,36.6023521423,484.0,1323.0,
1,0,1,1.0,1502143200.0,1502172000.0,3.61,1.0,334.0,431.0,0.0,0,1502178740,1,0.04,0.0,4.1,15,1,1,1,0,1,1.0,0.0,0.0,,,,2.0,15.4987421036,131.0,431.0,0.0
1,0,1,0.0,,,0.0,1.0,547.0,758.0,0.0,0,1502178740,1,0.04,0.0,3.8,15,1,1,1,0,1,0.5,0.5,0.0,,,,2.0,7.02925920486,222.0,811.0,0.0
1,0,1,1.0,1502155800.0,1502166600.0,2.11,1.0,348.0,475.0,0.0,0,1502178740,1,0.02,0.0,4.2,15,0,1,1,0,1,1.0,0.0,0.0,0.22,13.2222222222,20.0,2.0,11.7357358932,115.0,502.0,
